Feature_ID,Formula,Score,Mass,Retention_Time,BlankG00,BlankG01,BlankG02,Gluc00,Gluc01,Gluc02,BlankSub_Median_Gluc0,BlankSub_Max_Median_ALLSamples_Gluc0,BlankG10,BlankG11,BlankG12,Gluc10,Gluc11,Gluc12,BlankSub_Median_Gluc1,BlankSub_Max_Median_ALLSamples_Gluc1,BlankG40,BlankG41,BlankG42,Gluc40,Gluc41,Gluc42,BlankSub_Median_Gluc4,BlankSub_Max_Median_ALLSamples_Gluc4,BlankP00,BlankP01,BlankP02,Pellet00,Pellet01,Pellet02,BlankSub_Median_Pellet0,BlankSub_Max_Median_ALLSamples_Pellet0,BlankP10,BlankP11,BlankP12,Pellet10,Pellet11,Pellet12,BlankSub_Median_Pellet1,BlankSub_Max_Median_ALLSamples_Pellet1,BlankP40,BlankP41,BlankP42,Pellet40,Pellet41,Pellet42,BlankSub_Median_Pellet4,BlankSub_Max_Median_ALLSamples_Pellet4,BlankS00,BlankS01,BlankS02,Super00,Super01,Super02,BlankSub_Median_Super0,BlankSub_Max_Median_ALLSamples_Super0,BlankS10,BlankS11,BlankS12,Super10,Super11,Super12,BlankSub_Median_Super1,BlankSub_Max_Median_ALLSamples_Super1,BlankS40,BlankS41,BlankS42,Super40,Super41,Super42,BlankSub_Median_Super4,BlankSub_Max_Median_ALLSamples_Super4,Has_Adduct_or_Loss,Is_Adduct_or_Loss,Adduct_or_Loss_Info
132,C11H6O6_mfg,82.44,234.0166,13.479003,,,,55039.0,54158.0,54684.0,54684.0,54684.0,,,,,,,,,,,,55244.0,56958.0,56185.0,56185.0,56185.0,,,,,,,,,,,,48944.0,42914.0,47901.0,47901.0,47901.0,,,,42387.0,43685.0,43029.0,43029.0,43029.0,,,,,,,,,,,,41999.0,48823.0,45450.0,45450.0,45450.0,,,,,,,,,0,0,
743,C14H30N11_mfg,84.22,352.266,10.998999,,,,403189.0,166021.0,419484.0,403189.0,403189.0,,,,,,,,,,,,,,,,,,,,,,,,,,,,,,,,,,,,,,,,,,,,,,,,,,,,,,,,,46061.0,215794.0,62318.0,355334.0,401286.0,410843.0,338968.0,338968.0,0,0,
714,C14H33N6_mfg,85.62,285.2726,10.6849985,,,,280702.0,91613.0,503272.0,280702.0,280702.0,,,,285956.0,278977.0,351572.0,285956.0,285956.0,,,,,,,,,54664.0,,,342268.0,249499.0,326821.0,272157.0,272157.0,,51550.0,,267397.0,1503229.0,1470314.0,1418764.0,1418764.0,,,71381.0,237228.0,272602.0,234676.0,165847.0,165847.0,66751.0,,,1585223.0,236787.0,1254350.0,1187599.0,1187599.0,,,,1274043.0,1689760.0,352421.0,1274043.0,1274043.0,86961.0,56841.0,28231.0,275030.0,1269463.0,327793.0,270952.0,270952.0,0,0,
287,C15H14O12S_mfg,94.93,418.0201,0.868,,31627.0,29063.0,110113.0,32944.0,100722.0,70377.0,70377.0,,,,,,,,,,,,,,,,,,,,59549.0,51404.0,69053.0,59549.0,59549.0,18621.0,,,68864.0,58375.0,46977.0,39754.0,39754.0,17593.0,,,58593.0,79323.0,68404.0,50811.0,50811.0,,,,,,,,,,,,,,,,,,,,,,,,,0,0,
201,C15H20N2O3S_mfg,93.76,308.1208,6.0050025,,,,4033339.0,5237682.0,4023722.0,4033339.0,4033339.0,,,,3622690.0,3671657.0,4012225.0,3671657.0,3671657.0,,,,,,,,,,,,,,,,,,,,,,,,,,,,,,,,,,,,,,,,,,,,,,,,,,,,,,,,,0,0,
751,C15H31N6O4_mfg,82.43,359.2373,10.296998,,,,541563.0,356447.0,1139817.0,541563.0,541563.0,,,,,,,,,,,,,,,,,,,,,,,,,,,,,,,,,,,,,,,,,,,,2234270.0,555814.0,749535.0,749535.0,749535.0,,,46814.0,107671.0,664724.0,208937.0,162123.0,162123.0,,,,,,,,,0,0,
821,C15H35N20_mfg,82.83,495.3538,10.6849985,,,,117300.0,54376.0,113726.0,113726.0,113726.0,,,,,,,,,,,,,,,,,,,,,,,,,,,,,,,,,,,,,,,,,,,,,,,,,,,,,,,,,,,,,,,,,0,0,
747,C17H16N4O3S_mfg,98.46,356.0959,7.75,,,,1330985.0,2112691.0,779875.0,1330985.0,1330985.0,,,,898918.0,834624.0,615003.0,834624.0,834624.0,,,,1208246.0,1276761.0,521406.0,1208246.0,1208246.0,,,,2226381.0,2200195.0,1881601.0,2200195.0,2200195.0,,,,2884317.0,2689559.0,2026595.0,2689559.0,2689559.0,,,,2408030.0,2667121.0,1929644.0,2408030.0,2408030.0,,,,5224171.0,3797337.0,4874121.0,4874121.0,4874121.0,,,,5115300.0,4370932.0,3888982.0,4370932.0,4370932.0,,,,4207356.0,4892884.0,4307351.0,4307351.0,4307351.0,0,0,
729,C17H39N6_mfg,75.84,327.3197,10.885993,,,,518961.0,347237.0,1214861.0,518961.0,518961.0,48830.0,368063.0,119391.0,498198.0,638658.0,948759.0,519267.0,519267.0,,,,,,,,,204818.0,,121423.0,838937.0,740891.0,696693.0,577771.0,577771.0,104839.0,247550.0,45054.0,636984.0,3355142.0,4190193.0,3250303.0,3250303.0,221729.0,,148319.0,733001.0,643282.0,616413.0,458258.0,458258.0,53363.0,,,5632176.0,735187.0,4044908.0,3991545.0,3991545.0,20107.0,,34155.0,4364366.0,5716965.0,1164586.0,4337235.0,4337235.0,260984.0,171082.0,152358.0,722933.0,4192018.0,979653.0,808571.0,808571.0,0,0,
759,C19H28N5OS_mfg,98.0,374.1954,9.0079975,2184719.0,,1992570.0,22857768.0,14197829.0,7796521.0,12109185.0,12109185.0,851871.0,2119548.0,1585469.0,12170068.0,9744819.0,6854740.0,8159350.0,8159350.0,,,,,,,,,,,,,,,,,,,,,,,,,,,,,,,,,,,,,,,,,,,,,,,,,,,,,,,,,0,0,
767,C20H19FO5S,71.77,390.0947,5.2859993,,,,519130.0,500509.0,371445.0,500509.0,500509.0,,,,468478.0,469736.0,471484.0,469736.0,469736.0,,,,544187.0,618140.0,389484.0,544187.0,544187.0,,,,224323.0,242109.0,207714.0,224323.0,224323.0,,,,346981.0,310268.0,222522.0,310268.0,310268.0,,,,272369.0,349066.0,239970.0,272369.0,272369.0,,,,838760.0,626303.0,739026.0,739026.0,739026.0,,,,813812.0,729808.0,607314.0,729808.0,729808.0,,,,695085.0,841269.0,718711.0,718711.0,718711.0,0,0,
713,C21H18N_mfg,82.14,284.1418,9.860996,414184.0,,696159.0,4219731.0,1788020.0,888389.0,1232848.0,1232848.0,141857.0,350381.0,432436.0,1600928.0,1362099.0,909546.0,1011718.0,1011718.0,,,,,,,,,,,,,,,,,,,,,,,,,,,,,,,,,,,,,,,,,,,,,,,,,,,,,,,,,0,0,
720,C21H21N2_mfg,89.87,301.1685,9.860996,592839.0,,556782.0,5210556.0,2311015.0,1163334.0,1736205.0,1736205.0,190236.0,472675.0,635009.0,2220002.0,1833787.0,1187127.0,1361112.0,1361112.0,,,,,,,,,,,,,,,,,,,,,,,,,,,,,,,,,,,,,,,,,,,,,,,,,,,,,,,,,0,0,
762,C21H38N3O3_mfg,84.32,380.299,11.315999,,,15913.0,355798.0,129313.0,547078.0,339885.0,339885.0,,,,,,,,,,,,,,,,,,,,,,,,,,,,,,,,,,,,,,,,,,,,,,,,,,,,,,,,,,,,,,,,,0,0,
934,C21H46N13O12S2Esi+1.0219996_mfg,93.8,736.2764,1.0219996,,,,1592693.0,1551147.0,1919937.0,1592693.0,1592693.0,,,,,,,,,,,,,,,,,,,,,,,,,,,,,,,,,,,,,,,,,,,,,,,,,,,,3533784.0,3332214.0,3327312.0,3332214.0,3332214.0,,,,,,,,,0,0,
768,C22H24N5O2_mfg,83.86,390.1914,8.921998,40501.0,,59948.0,850638.0,667548.0,400795.0,617324.0,617324.0,,62574.0,,634907.0,629508.0,445697.0,566934.0,566934.0,159123.0,,191161.0,533407.0,548535.0,430385.0,358265.0,358265.0,,,,,,,,,,,,,,,,,,,,,,,,,,,,,,,,,,,,,,,,,,,,,,,,,0,0,
771,C22H26N5O2_mfg,80.14,392.2065,7.6839976,,,99108.0,312617.0,310771.0,192492.0,211663.0,211663.0,,,,,,,,,,,82462.0,285559.0,295902.0,104313.0,203097.0,203097.0,,,,,,,,,,,,,,,,,,,,,,,,,,,,,,,,,,,,,,,,,,,,,,,,,0,0,
748,C22H29O4_mfg,83.24,357.202,9.088996,,,,67144.0,133283.0,445230.0,133283.0,133283.0,,,,,,,,,,,,,,,,,,,,,,,,,,,,,,,,,,,,,,,,,,,,739051.0,166431.0,198298.0,198298.0,198298.0,,,,,,,,,,,,,,,,,0,0,
244,C22H30O2S_mfg,90.02,358.1981,10.152004,67074.0,,112139.0,2033858.0,824636.0,514077.0,735030.0,735030.0,320491.0,282973.0,44237.0,948319.0,854016.0,402036.0,571043.0,571043.0,684784.0,39267.0,273211.0,1251774.0,1168058.0,385075.0,894847.0,894847.0,,,,,,,,,,,,,,,,,,,,,,,,,,,,,,,,,,,,,,,,,,,,,,,,,0,0,
823,C22H48N12O_mfg,77.1,496.4058,13.0029955,,,,339328.0,209052.0,343235.0,339328.0,339328.0,,,,370997.0,388873.0,368248.0,370997.0,370997.0,,,,377598.0,292136.0,459510.0,377598.0,377598.0,,,,,,,,,,,,,,,,,,,,,,,,,,,,,,,,,,,,209559.0,111470.0,224292.0,209559.0,209559.0,,,,,,,,,0,0,
749,C24H40NO_mfg,83.25,358.3115,11.320005,109539.0,154023.0,98254.0,462623.0,149547.0,514938.0,353084.0,353084.0,,,,,,,,,,,,,,,,,,,,,,,,,,,,,,,,,,,,,,,,,,,,,,,,,,,,,,,,,,,,,,,,,0,0,
820,C24H43N6O5_mfg,97.52,495.3472,10.683003,,,,80449.0,98312.0,101007.0,98312.0,98312.0,,,,,,,,,,,,,,,,,,,,,,,,,,,,,,,,,,,,,,,,,,,,,,,,,,,,,,,,,,,,,,,,,0,0,
257,C25H28NS_mfg,96.24,374.193,8.997003,73913.0,,140707.0,2905012.0,1624330.0,975472.0,1517020.0,1517020.0,237787.0,228720.0,69422.0,1395909.0,1209806.0,980774.0,981086.0,981086.0,302959.0,,208330.0,1477294.0,1929604.0,500841.0,1221650.0,1221650.0,,,,,,,,,,,,,,,,,,,,,,,,,,,,,,,,,,,,,,,,,,,,,,,,,0,0,
494,C26H16NO24S_mfg,73.76,757.9844,0.85300034,,,,25902.0,20674.0,28815.0,25902.0,25902.0,,,,,,,,,,,,,,,,,,,,,,,,,,,,,,,,,,,,,,,,,,,,,,,,,,,,,,,,,,,,,,,,,0,0,
798,C28H44N6_mfg,81.05,464.3639,10.803,,,,313510.0,120663.0,328943.0,313510.0,313510.0,81001.0,57766.0,,300058.0,316661.0,326180.0,247277.0,247277.0,74175.0,,59264.0,320302.0,318624.0,70868.0,251904.0,251904.0,,,,,,,,,,,59343.0,330175.0,133962.0,244347.0,185004.0,185004.0,,77883.0,,325725.0,337349.0,330897.0,253014.0,253014.0,,,,,,,,,,,,,,,,,87735.0,72053.0,70054.0,356781.0,306359.0,344214.0,272161.0,272161.0,0,0,
789,C28H48N3O_mfg,81.52,442.3808,11.053,,,,638400.0,647183.0,623312.0,638400.0,638400.0,95348.0,152760.0,,614703.0,615330.0,621540.0,491276.0,491276.0,95259.0,,184786.0,628661.0,564102.0,719601.0,488639.0,488639.0,109048.0,51131.0,158064.0,557442.0,611639.0,501433.0,448394.0,448394.0,,,,,,,,,,,,476005.0,555018.0,514464.0,514464.0,514464.0,,,,,,,,,61130.0,186758.0,116129.0,577900.0,616252.0,546137.0,461771.0,461771.0,88538.0,114929.0,74158.0,561384.0,612520.0,607698.0,519160.0,519160.0,0,0,
493,C28H6N8O19_mfg,63.65,757.9724,0.85499966,,,,22343.0,13948.0,27866.0,22343.0,22343.0,,,,,,,,,,,,,,,,,,,,19821.0,21493.0,17795.0,19821.0,19821.0,,,,19582.0,16233.0,17076.0,17076.0,17076.0,,,,,,,,,,,,,,,,,,,,,,,,,,,,,,,,,0,0,
788,C30H50O2_mfg,79.76,442.3736,10.803002,,,,387248.0,108905.0,396166.0,387248.0,387248.0,,91595.0,,391561.0,410060.0,360984.0,299966.0,299966.0,65956.0,,,206906.0,365744.0,128579.0,140950.0,140950.0,,,,,,,,,,,78680.0,351824.0,168132.0,288927.0,210247.0,210247.0,,,,445470.0,412163.0,407735.0,412163.0,412163.0,95155.0,254539.0,95341.0,382438.0,381943.0,376752.0,286602.0,286602.0,89535.0,198700.0,18498.0,359430.0,291831.0,427682.0,269895.0,269895.0,,100627.0,,432895.0,339443.0,415963.0,315336.0,315336.0,0,0,
1046,C31H66N12O17S3_mfg,88.18,974.3742,1.0040005,,,,272175.0,225969.0,307092.0,272175.0,272175.0,,,,,,,,,,,,,,,,,,,,,,,,,,,,,,,,,,,,,,,,,,,,,,,,,,,,,,,,,,,,,,,,,0,0,
815,C32H61NS_mfg,67.79,491.4493,13.0,,,,404978.0,367374.0,378900.0,378900.0,378900.0,,,9644.0,441667.0,358498.0,383717.0,374073.0,374073.0,,,,384207.0,404871.0,384032.0,384207.0,384207.0,,,,,,,,,,,,,,,,,,,,244099.0,166267.0,306515.0,244099.0,244099.0,,,,,,,,,,,,321490.0,312675.0,296832.0,312675.0,312675.0,,,,324788.0,303551.0,307028.0,307028.0,307028.0,0,0,
860,C32H62N3O4_mfg,74.95,552.4715,12.5770035,,,,1113571.0,1039813.0,1212130.0,1113571.0,1113571.0,,,,1312623.0,1280171.0,1287677.0,1287677.0,1287677.0,,,10358.0,1272888.0,1313215.0,1535107.0,1302857.0,1302857.0,207448.0,126127.0,307272.0,772912.0,1051400.0,967874.0,760426.0,760426.0,,,,,,,,,236195.0,216864.0,292541.0,923787.0,763199.0,1140458.0,687592.0,687592.0,333334.0,301815.0,439254.0,1082159.0,1011287.0,959101.0,677953.0,677953.0,,,,937875.0,962200.0,991057.0,962200.0,962200.0,,,,871589.0,911169.0,991096.0,911169.0,911169.0,0,0,
857,C39H65N_mfg,97.52,547.5151,12.583006,,,,3373107.0,3171045.0,3222470.0,3222470.0,3222470.0,133391.0,19556.0,,3558896.0,3489570.0,3357418.0,3413096.0,3413096.0,,,,3273819.0,3219708.0,3777495.0,3273819.0,3273819.0,530065.0,121501.0,567450.0,1912962.0,2297239.0,2135921.0,1605856.0,1605856.0,,,,,,,,,,,,,,,,,,,,,,,,,,121695.0,,2796331.0,1829380.0,2996360.0,2674636.0,2674636.0,,,,2973575.0,2819009.0,2671536.0,2819009.0,2819009.0,0,0,
908,C46H90O2_mfg,67.6,674.6918,11.6640005,,,,272860.0,424203.0,254212.0,272860.0,272860.0,96544.0,44945.0,,297806.0,280103.0,261203.0,209359.0,209359.0,,,,,,,,,,,,,,,,,,,,,,,,,,,,,,,,,,,,,,,,,,,,,,,,,215576.0,36453.0,35477.0,212489.0,248269.0,210629.0,176036.0,176036.0,0,0,
660,C5H4N4O4,59.61,184.0203,3.0529993,,,,681956.0,1134550.0,470040.0,681956.0,681956.0,,,,873499.0,759243.0,695328.0,759243.0,759243.0,,,,1078268.0,1140029.0,1764847.0,1140029.0,1140029.0,,,,465914.0,483400.0,427581.0,465914.0,465914.0,,,,,,,,,,,,718346.0,785638.0,613683.0,718346.0,718346.0,,,,1012015.0,762841.0,1015235.0,1012015.0,1012015.0,,,,1190124.0,1107992.0,937862.0,1107992.0,1107992.0,,,,1206219.0,1509419.0,1264501.0,1264501.0,1264501.0,0,0,
17,C5H7NO3,98.4,129.0431,1.0089997,,,,1523603.0,1468833.0,1447335.0,1468833.0,1468833.0,,,,,,,,,,,,,,,,,,,,,,,,,,,,,,,,,,,,,,,,,,,,,,,,,,,,,,,,,,,,,,,,,0,1,36(H2O);36(H2O);36(H2O);36(H2O);
108,C6H12N2S3_mfg,85.32,208.0166,13.322004,26635.0,15341.0,10971.0,537134.0,373027.0,592016.0,521793.0,521793.0,,,,,,,,,,,,,,,,,,,,,,,,,,,,,,,,,,,,,,,,,,,,,,,,,,,,,,,,,,,,,,,,,0,1,126(H2O);126(H2O);126(H2O);126(H2O);
649,C6H16N3O2_mfg,86.39,162.1229,6.140003,797680.0,1169924.0,1102027.0,4144588.0,3932924.0,4010822.0,2908795.0,2908795.0,,,,,,,,,1203281.0,753186.0,1087732.0,2447854.0,4089973.0,3409830.0,2322098.0,2322098.0,823543.0,995892.0,1594602.0,3311258.0,3315606.0,4139957.0,2319714.0,2319714.0,689656.0,1057540.0,1714387.0,3633218.0,3007681.0,3375525.0,2317985.0,2317985.0,,,,,,,,,1064254.0,1650375.0,1281792.0,3494112.0,4145366.0,3993823.0,2712031.0,2712031.0,,,,,,,,,1110506.0,1467306.0,1077267.0,4583308.0,4267409.0,3600455.0,3156903.0,3156903.0,0,0,
656,C6H19N4O2_mfg,85.88,179.1494,6.140003,228749.0,348095.0,307340.0,1146773.0,1102526.0,1103942.0,796602.0,796602.0,,,,,,,,,,,,,,,,,230160.0,289077.0,444626.0,977760.0,968441.0,1190993.0,688683.0,688683.0,214200.0,323928.0,491630.0,1073691.0,862712.0,984229.0,660301.0,660301.0,,,,,,,,,314026.0,479628.0,362962.0,1000365.0,1187593.0,1131275.0,768313.0,768313.0,,,,,,,,,327951.0,432102.0,305435.0,1272474.0,1190020.0,1007038.0,862069.0,862069.0,0,0,
101,C6H2N2O6_mfg,70.87,197.9917,13.538005,,,,143932.0,147594.0,140036.0,143932.0,143932.0,,,,138854.0,142076.0,151296.0,142076.0,142076.0,,,,,,,,,,,,,,,,,,,,113558.0,119723.0,116938.0,116938.0,116938.0,,,,,,,,,,,,,,,,,,,,,,,,,,,,,,,,,0,0,
138,C7H12N7O3_mfg,79.08,242.0991,8.096993,,,,124580.0,53218.0,68528.0,68528.0,68528.0,,,,99431.0,67366.0,58640.0,67366.0,67366.0,,,,,,,,,,,,,,,,,,,,,,,,,,,,,,,,,,,,,,,,,,,,,,,,,,,,,,,,,0,0,
94,C7H2N3S2_mfg,62.97,191.9693,13.270001,,,,306225.0,1381504.0,110332.0,306225.0,306225.0,,,,,,,,,,,,,,,,,,,,,,,,,,,,,,,,,,,,,,,,,,,,,,,,,,,,,,,,,,,,,,,,,0,0,
27,C7H6OS_mfg,69.69,138.0135,13.318993,,54885.0,,278936.0,103288.0,418677.0,224051.0,224051.0,,,,,,,,,,,,,,,,,,,,,,,,,,,,,,,,,,,,,,,,,,,,,,,,,,,,,,,,,,,,,,,,,0,0,
105,C8H10ClNO3_mfg,96.16,203.0353,1.2200005,,,,226451.0,217920.0,132184.0,217920.0,217920.0,,,,,,,,,,,,,,,,,,,,,,,,,,,,,,,,,,,,,,,,,,,,,,,,,,,,,,,,,,,,,,,,,0,0,
652,C8H10O2S_mfg,71.15,170.0413,3.0700016,,,,729738.0,1207259.0,519537.0,729738.0,729738.0,,,,385555.0,315798.0,314263.0,315798.0,315798.0,,,,,,,,,,,,500564.0,462041.0,347851.0,462041.0,462041.0,,,,372921.0,229146.0,211498.0,229146.0,229146.0,,,,129370.0,134530.0,87675.0,129370.0,129370.0,,,,1161532.0,1057394.0,1023086.0,1057394.0,1057394.0,,,,905004.0,662913.0,682913.0,682913.0,682913.0,,,,248193.0,265171.0,204964.0,248193.0,248193.0,0,0,
30,C9H6N2_mfg,81.96,142.0541,6.3080025,,,,96376.0,64663.0,50560.0,64663.0,64663.0,,,,,,,,,,,,,,,,,,,,,,,,,,,,,,,,,,,,,,,,,,,,,,,,,,,,,,,,,,,,,,,,,0,0,
663,C9H9N5_mfg,87.24,187.0856,4.9060025,214220.0,167124.0,184288.0,680047.0,1362629.0,1359994.0,1175706.0,1175706.0,,,,,,,,,,,,,,,,,,,,,,,,,,,,,,,,,172432.0,230182.0,194643.0,882864.0,1099928.0,1843973.0,905285.0,905285.0,,357961.0,348951.0,1308523.0,1569710.0,612371.0,955067.0,955067.0,,,,,,,,,,,,,,,,,0,0,
672,C11H12N2O2,78.49,204.0911,2.9810014,,,,,,,,,1266420.0,288673.0,4208449.0,3834367.0,3852673.0,3687990.0,2567947.0,2567947.0,671739.0,860844.0,2323204.0,4733260.0,4984028.0,2840087.0,3872416.0,3872416.0,,,,,,,,,,,,,,,,,,,,,,,,,,,,,,,,,,,,,,,,,,,,,,,,,0,0,
212,C11H4N4O4S2_mfg,86.56,319.9673,13.2529955,,,,,,,,,,,,36269.0,27737.0,18856.0,27737.0,27737.0,,,,,,,,,,,,,,,,,,,,,,,,,,,,,,,,,,,,,,,,,,,,,,,,,,,,,,,,,0,0,
308,C11H5ClO15S_mfg,89.38,443.9033,0.88499963,,,,,,,,,25692.0,9691.0,178785.0,138847.0,124600.0,107416.0,98908.0,98908.0,18001.0,22892.0,50324.0,161563.0,185984.0,148836.0,138671.0,138671.0,,,,,,,,,,,,,,,,,,,,,,,,,42854.0,,14356.0,110144.0,73584.0,101697.0,73092.0,73092.0,,,,,,,,,,,,,,,,,0,0,
62,C11H8S_mfg,77.05,172.0332,13.187004,,,,,,,,,,,,64249.0,71548.0,81329.0,71548.0,71548.0,,,,78904.0,72416.0,44109.0,72416.0,72416.0,,,,,,,,,,,,,,,,,,,,,,,,,,,,,,,,,,,,101909.0,98573.0,100544.0,100544.0,100544.0,,,,,,,,,0,0,
427,C17H28Cl2N12O2S4_mfg,94.92,630.0719,0.91899973,,,,,,,,,,,,32561.0,32756.0,33984.0,32756.0,32756.0,,,,,,,,,,,,,,,,,,,,,,,,,,,,,,,,,,,,,,,,,,,,,,,,,,,,,,,,,0,0,
726,C19H39NO2_mfg,82.59,313.3098,11.085,,,,,,,,,,,,167956.0,167972.0,250103.0,167972.0,167972.0,,,,,,,,,,,,689714.0,287464.0,469238.0,469238.0,469238.0,,97500.0,,424577.0,3243585.0,2126206.0,2028706.0,2028706.0,,77022.0,,270813.0,432183.0,167167.0,193791.0,193791.0,,,,1464363.0,116578.0,1878136.0,1464363.0,1464363.0,,,,1337895.0,2248314.0,227628.0,1337895.0,1337895.0,,,,198264.0,972896.0,218556.0,218556.0,218556.0,0,0,
352,C26H45ClN8_mfg,72.93,504.345,11.153008,,,,,,,,,,,,157419.0,171292.0,192412.0,171292.0,171292.0,,,,,,,,,,,,,,,,,,,,,,,,,,,,,,,,,,,,,,,,,,,,,,,,,,,,,,,,,0,0,
797,C30H33O4_mfg,79.2,457.2367,8.916008,,,,,,,,,94519.0,96190.0,124225.0,412474.0,293433.0,218947.0,197243.0,197243.0,,,,,,,,,56295.0,,12224.0,149023.0,65087.0,208866.0,114763.0,114763.0,56233.0,36527.0,66693.0,219128.0,264480.0,219341.0,163108.0,163108.0,,,,,,,,,,,,,,,,,,,,,,,,,,,,,,,,,0,0,
905,C43H58N4O2_mfg,68.93,662.4708,10.786005,,,,,,,,,132216.0,,,1211016.0,1076022.0,741796.0,943806.0,943806.0,,,,,,,,,,,,,,,,,,,,,,,,,,,,,,,,,63186.0,,60179.0,776016.0,1190917.0,667476.0,714334.0,714334.0,,,,,,,,,,,,,,,,,0,0,
42,C5H4N2S2_mfg,65.95,155.9815,13.557006,,,,,,,,,,,,395931.0,405888.0,410313.0,405888.0,405888.0,,,,,,,,,,,,,,,,,,,,,,,,,,,,,,,,,,,,,,,,,,,,,,,,,,,,,,,,,0,0,
39,C5H4N4O2,86.9,152.0332,1.1399996,,,,,,,,,,,,235406.0,312163.0,283665.0,283665.0,283665.0,,,,,,,,,,,,,,,,,,,,,,,,,,,,,,,,,,,,,,,,,,,,,,,,,,,,,,,,,1,0,24(H2O);24(H2O);24(H2O);24(H2O);
19,C6H10O3,87.43,130.0632,3.27,,,,,,,,,,,,395805.0,410960.0,416869.0,410960.0,410960.0,,,,725822.0,743463.0,486778.0,725822.0,725822.0,,,,,,,,,,,,,,,,,,,,,,,,,,,,,,,,,,,,,,,,,,,,,,,,,0,0,
81,C6H6N4O3,53.89,182.0471,0.96300036,,,,,,,,,,,,246589.0,234986.0,243978.0,243978.0,243978.0,,,,,,,,,,,,,,,,,,,,132498.0,83040.0,98299.0,98299.0,98299.0,,,,138186.0,147127.0,107844.0,138186.0,138186.0,80652.0,,,262906.0,225383.0,244451.0,163799.0,163799.0,,,,,,,,,,47993.0,87670.0,218813.0,240588.0,216173.0,150981.0,150981.0,0,1,54(NH4);54(NH4);54(NH4);54(NH4);54(NH4);54(NH4);54(NH4);54(NH4);54(NH4);54(NH4);54(NH4);54(NH4);54(NH4);54(NH4);54(NH4);54(NH4);54(NH4);
145,C8H13ClN4OS_mfg,97.58,248.0495,1.1069994,,,,,,,,,,,,344110.0,374480.0,180428.0,344110.0,344110.0,,,,,,,,,,,,,,,,,,,,,,,,,,,,,,,,,,,,,,,,,,,,,,,,,,,,,,,,,0,0,
197,C8H3ClNO8S_mfg,84.55,307.9274,0.887,,,,,,,,,76456.0,29845.0,351492.0,287310.0,264213.0,257894.0,187757.0,187757.0,65944.0,77537.0,130379.0,344700.0,393910.0,342345.0,267163.0,267163.0,,,,,,,,,,,,,,,,,,,,,,,,,96583.0,25566.0,40890.0,222278.0,160063.0,212032.0,171142.0,171142.0,,,,,,,,,,,,,,,,,0,0,
260,C8H5ClO13S_mfg,94.57,375.915,0.8860004,,,,,,,,,38173.0,7950.0,247074.0,177766.0,172291.0,165214.0,134118.0,134118.0,13712.0,38475.0,73344.0,225594.0,239888.0,214515.0,187119.0,187119.0,,,,,,,,,,,,,,,,,,,,,,,,,57097.0,,20350.0,149002.0,101132.0,138494.0,99770.0,99770.0,,,,,,,,,,,,,,,,,0,0,
73,C9H11NO3,84.06,181.0732,1.0919994,,,,,,,,,,,,744667.0,728355.0,709887.0,728355.0,728355.0,,,,400822.0,422056.0,226559.0,400822.0,400822.0,,,,,,,,,,,,,,,,,,,,,,,,,,,,305639.0,298901.0,308998.0,305639.0,305639.0,,,,,,,,,,,,,,,,,0,0,
658,C9H11NO31.0839998,70.61,181.0734,1.0839998,,,,,,,,,,,,3036616.0,1210071.0,1087786.0,1210071.0,1210071.0,,,,3353474.0,3481324.0,953602.0,3353474.0,3353474.0,,,,,,,,,,,,,,,,,,,,,,,,,,,,,,,,,,,,,,,,,,,,,,,,,0,0,
95,C10H11NO3,85.94,193.074,4.057999,,,,,,,,,,,,,,,,,,,,98458.0,111297.0,102940.0,102940.0,102940.0,,,,,,,,,,,,,,,,,,,,,,,,,,,,,,,,,,,,,,,,,,,,,,,,,0,0,
691,C10H16N2O3S,93.38,244.0895,4.263,,,,,,,,,,,,,,,,,113824.0,122160.0,1297139.0,935944.0,1113364.0,1550495.0,991204.0,991204.0,,,,,,,,,,,,,,,,,,,,,,,,,,,,,,,,,,,,,,,,,,,,,,,,,0,0,
648,C10H9NO,83.53,159.0688,3.1950014,,,,,,,,,,,,,,,,,,,,309550.0,308842.0,91008.0,308842.0,308842.0,,,,,,,,,,,,,,,,,,,,,,,,,,,,,,,,,,,,,,,,,,,,,,,,,0,0,
662,C11H9NO2_mfg,81.73,187.0645,2.9800003,,,,,,,,,,,,,,,,,133788.0,178657.0,456796.0,918189.0,963270.0,595383.0,739532.0,739532.0,,,,,,,,,,,,,,,,,,,,,,,,,,,,,,,,,,,,,,,,,,,,,,,,,0,0,
229,C13H14N5O4S_mfg,91.63,336.0791,1.0559999,,,,,,,,,,,,,,,,,,,,197967.0,193109.0,275850.0,197967.0,197967.0,,,,,,,,,,,,105650.0,118038.0,76608.0,105650.0,105650.0,,,,,,,,,,,,,,,,,,,,,,,,,,,,,,,,,0,0,
242,C13H16N3O5S2_mfg,91.98,358.0594,0.9990003,,,,,,,,,,,,,,,,,,,,180118.0,184731.0,255790.0,184731.0,184731.0,,,,46895.0,60128.0,65714.0,60128.0,60128.0,,,,,,,,,,,,,,,,,,,,,,,,,,,,,,,,,,,,,,,,,0,0,
373,C13H19Cl3N2O11S2_mfg,94.26,547.95,0.9059994,,,,,,,,,,,,,,,,,18264.0,21918.0,40387.0,63053.0,74464.0,72353.0,50435.0,50435.0,,,,,,,,,,,,,,,,,,,,,,,,,,,,,,,,,,,,,,,,,,,,,,,,,0,0,
342,C14H10N6O14_mfg,77.15,486.0468,0.8419994,,,,,,,,,,,,,,,,,,,,24238.0,7600.0,18022.0,18022.0,18022.0,,,,,,,,,,,,,,,,,,,,,,,,,,,,,,,,,,,,,,,,,,,,,,,,,0,0,
249,C14H24O9S_mfg,90.32,368.1137,1.0369996,,,,,,,,,,,,,,,,,,,,881098.0,685474.0,652476.0,685474.0,685474.0,,,,,,,,,,,,,,,,,,,,,,,,,,,,,,,,,,,,,,,,,,,,,,,,,0,0,
343,C14H2Cl2N4O12_mfg,83.33,487.9057,0.9379998,,,,,,,,,,,,,,,,,,,,48423.0,49454.0,34881.0,48423.0,48423.0,,,,,,,,,,,,,,,,,,,,,,,,,,,,,,,,,,,,,,,,,,,,,,,,,0,0,
379,C15H16Cl2N6O9S2_mfg,90.56,557.9776,0.90200037,,,,,,,,,,,,,,,,,22856.0,28692.0,48128.0,56469.0,92527.0,87896.0,59204.0,59204.0,,,,,,,,,,,,,,,,,,,,,,,,,,,,,,,,,,,,,,,,,,,,,,,,,0,0,
425,C15H20Cl2N6O11S3_mfg,92.6,625.9651,0.89899945,,,,,,,,,,,,,,,,,15540.0,17977.0,35067.0,36495.0,60862.0,65518.0,42885.0,42885.0,,,,,,,,,,,,,,,,,,,,,,,,,,,,,,,,,,,,,,,,,,,,,,,,,0,0,
323,C16H17Cl3N2S4_mfg,84.84,469.9341,0.9370002,,,,,,,,,,,,,,,,,160665.0,212524.0,484501.0,675560.0,710701.0,555845.0,463036.0,463036.0,,,,,,,,,,,,,,,,,,,,,,,,,,,,,,,,,,,,,,,,,,,,,,,,,0,0,
435,C16H3Cl3N3O15S2_mfg,77.44,645.8071,0.9389995,,,,,,,,,,,,,,,,,25537.0,35613.0,97903.0,145869.0,145535.0,113180.0,109922.0,109922.0,,,,,,,,,,,,,,,,,,,,,,,,,,,,,,,,,,,,,,,,,,,,,,,,,0,0,
391,C16H5ClN2O16S2_mfg,81.16,579.878,0.87599975,,,,,,,,,,,,,,,,,6994.0,8007.0,23686.0,66562.0,31923.0,93743.0,58555.0,58555.0,,,,11216.0,11644.0,9589.0,11216.0,11216.0,,,,17334.0,16686.0,8161.0,16686.0,16686.0,,,,14659.0,14392.0,7669.0,14392.0,14392.0,,,,,,,,,,,,,,,,,,,,,,,,,0,0,
356,C17HClO17_mfg,84.8,511.89,0.882,,,,,,,,,,,,,,,,,13823.0,16137.0,35518.0,85943.0,136724.0,122026.0,105889.0,105889.0,,,,,,,,,,,,,,,,,,,,,,,,,,,,,,,,,,,,,,,,,,,,,,,,,0,0,
454,C19H11ClN2O22S_mfg,81.81,685.9206,0.8919997,,,,,,,,,,,,,,,,,,,,14236.0,20605.0,10814.0,14236.0,14236.0,,,,,,,,,,,,,,,,,,,,,,,,,,,,,,,,,,,,,,,,,,,,,,,,,0,0,
337,C19H32NO11S_mfg,97.77,482.1687,1.1430006,,,,,,,,,,,,,,,,,,,,145761.0,226949.0,136314.0,145761.0,145761.0,,,,,,,,,,,,,,,,,,,,,,,,,,,,,,,,,,,,,,,,,,,,,,,,,0,0,
447,C21H31Cl3N2O14S_mfg,98.48,672.0568,0.9220006,,,,,,,,,,,,,,,,,68557.0,79222.0,172062.0,282942.0,294624.0,211668.0,203720.0,203720.0,,,,,,,,,,,,,,,,,,,,,,,,,,,,,,,,,,,,,,,,,,,,,,,,,0,0,
491,C22H10Cl2N3O23_mfg,65.63,753.9152,0.8899997,,,,,,,,,,,,,,,,,,,,15338.0,20262.0,13289.0,15338.0,15338.0,,,,,,,,,,,,,,,,,,,,,,,,,,,,,,,,,,,,,,,,,,,,,,,,,0,0,
293,C22H30S4_mfg,77.53,422.1257,6.019001,,,,,,,,,,,,,,,,,,,,144633.0,185307.0,50026.0,144633.0,144633.0,,,,,,,,,,,,,,,,,,,,,,,,,,,,,,,,,,,,,,,,,,,,156776.0,266370.0,190003.0,190003.0,190003.0,0,0,
471,C22H3ClNO23S_mfg,84.39,715.8536,0.868,,,,,,,,,,,,,,,,,,,8869.0,30724.0,26166.0,33305.0,21855.0,21855.0,,,,,,,,,,,,,,,,,,,,,,,,,,,,26699.0,19621.0,24168.0,24168.0,24168.0,,,,,,,,,,,,,,,,,0,0,
437,C22HClN2O18S_mfg,77.37,647.8629,0.8689998,,,,,,,,,,,,,,,,,,,,40489.0,34752.0,74393.0,40489.0,40489.0,,,,,,,,,,,,,,,,,,,,,,,,,,,,,,,,,,,,,,,,,,,,,,,,,0,0,
478,C23H35Cl3N3O7S5_mfg,87.7,730.0156,0.92399985,,,,,,,,,,,,,,,,,40768.0,51312.0,130090.0,201047.0,215692.0,142114.0,149735.0,149735.0,,,,,,,,,,,,,,,,,,,,,,,,,,,,,,,,,,,,,,,,,,,,,,,,,0,0,
511,C23HClN4O24S_mfg,92.18,783.8386,0.86199963,,,,,,,,,,,,,,,,,,,,21885.0,15551.0,22800.0,21885.0,21885.0,,,,,,,,,,,,,,,,,,,,,,,,,,,,20915.0,11452.0,15842.0,15842.0,15842.0,,,,,,,,,,,,16741.0,20507.0,15308.0,16741.0,16741.0,0,0,
467,C25H22O16S4_mfg,81.82,705.9741,0.88399994,,,,,,,,,,,,,,,,,,,,21071.0,20190.0,28673.0,21071.0,21071.0,,,,,,,,,,,,,,,,,,,,,,,,,,,,,,,,,,,,,,,,,,,,,,,,,0,0,
444,C25H2N2O17S2_mfg,59.19,665.8803,0.8400001,,,,,,,,,,,,,,,,,,,,27301.0,26516.0,12700.0,26516.0,26516.0,,,,,,,,,,,,14713.0,16533.0,16116.0,16116.0,16116.0,,,,16991.0,7553.0,13914.0,13914.0,13914.0,,,,,,,,,,,,,,,,,,,,,,,,,0,0,
581,C26H47Cl3N6O20S2_mfg,98.59,932.1381,0.91999936,,,,,,,,,,,,,,,,,13740.0,18726.0,37394.0,67626.0,68454.0,49548.0,48900.0,48900.0,,,,,,,,,,,,,,,,,,,,,,,,,,,,,,,,,,,,,,,,,,,,,,,,,0,0,
859,C32H42N2O6_mfg,99.18,550.3058,4.3489995,,,,,,,,,,,,,,,,,108623.0,189437.0,435475.0,584315.0,717258.0,400864.0,394878.0,394878.0,,,,,,,,,,,,,,,,,,,,,,,,,,,,,,,,,,,,,,,,,,,,,,,,,0,0,
943,C35H64N12O6_mfg,98.13,748.5039,6.223001,,,,,,,,,,,,,,,,,80088.0,,225359.0,885362.0,1146357.0,655763.0,732638.0,732638.0,,,,,,,,,,,,,,,,,,,,,,,,,,,,152241.0,93313.0,108198.0,108198.0,108198.0,,,,65532.0,194935.0,78902.0,78902.0,78902.0,,,,,,,,,0,0,
67,C4H2NO5S0.7890001_mfg,80.16,175.9634,0.7890001,,,,,,,,,,,,,,,,,,,,65042.0,27697.0,69656.0,65042.0,65042.0,,,,,,,,,,,,,,,,,,,,,,,,,,,,,,,,,,,,,,,,,,,,,,,,,0,0,
629,C6H11NO_mfg,87.09,113.0849,3.6739995,,,,,,,,,,,,,,,,,2147270.0,,5253487.0,14314823.0,15979175.0,8260061.0,10614445.0,10614445.0,,,,,,,,,,,,,,,,,,,,,,,,,,,,,,,,,,,,,,,,,,,,,,,,,0,0,
69,C6H13NO21.6900004,87.47,177.0999,1.6900004,,,,,,,,,,,,,,,,,,,,152011.0,163331.0,124458.0,152011.0,152011.0,,,,116134.0,124894.0,104805.0,116134.0,116134.0,,,,,,,,,,,,,,,,,,,,249823.0,206148.0,226015.0,226015.0,226015.0,,,,,,,,,,,,,,,,,1,0,103(Na);103(Na);103(Na);103(Na);103(Na);103(Na);103(Na);103(Na);103(Na);103(Na);103(Na);103(Na);
659,C6H7N4O3_mfg,84.71,183.0539,2.133001,,,,,,,,,,,,,,,,,659290.0,783786.0,1856194.0,2779494.0,3207482.0,2722294.0,1995708.0,1995708.0,,,,,,,,,,,,,,,,,,,,,,,,,,,,,,,,,,,,,,,,,,,,,,,,,0,0,
669,C7H11N5O2_mfg,84.87,197.0907,1.0040005,,,,,,,,,,,,,,,,,,,,2332187.0,2342001.0,2314120.0,2332187.0,2332187.0,,,,,,,,,,,,,,,,,,,,,,,,,,,,,,,,,,,,,,,,,,,,,,,,,0,0,
188,C7H2Cl2NO6S_mfg,92.28,297.8984,0.90299994,,,,,,,,,,,,,,,,,39045.0,55723.0,94235.0,209171.0,225435.0,199336.0,153448.0,153448.0,,,,,,,,,,,,,,,,,,,,,,,,,,,,,,,,,,,,,,,,,,,,,,,,,0,0,
198,C7H6N3O5S3_mfg,94.39,307.9474,13.258994,,,,,,,,,,,,,,,,,,,,23963.0,23615.0,41610.0,23963.0,23963.0,,,,,,,,,,,,,,,,,,,,,,,,,,,,,,,,,,,,,,,,,,,,,,,,,0,0,
12,C7H6O2,83.91,122.0375,5.5350027,,,,,,,,,,,,,,,,,,51396.0,,209741.0,245589.0,111061.0,158345.0,158345.0,,,,,,,,,,,,,,,,,,,,,,,,,,,,,,,,,,,,,,,,,,,,,,,,,0,0,
82,C7H7NO2,99.85,183.0531,2.1689992,,,,,,,,,,,,,,,,,199136.0,243637.0,554933.0,785232.0,959393.0,699372.0,541595.0,541595.0,,,,,,,,,,,,,,,,,,,,,,,,,,,,,,,,,,,,,,,,,,,,,,,,,0,0,
172,C8H20N5O2S2_mfg,91.95,282.1059,0.9220006,,,,,,,,,,,,,,,,,,,,141848.0,87973.0,80485.0,87973.0,87973.0,,,,,,,,,,,,,,,,,,,,,,,,,,,,,,,,,,,,,,,,,,,,,,,,,0,0,
47,C8H2NOS_mfg,76.11,159.9823,0.79100025,,,,,,,,,,,,,,,,,34315.0,55357.0,116382.0,173048.0,110341.0,202844.0,117691.0,117691.0,,,,,,,,,,,,,,,,,,,,,,,,,,,,,,,,,,,,,,,,,,,,,,,,,0,0,
135,C8HClN2O3S_mfg,90.71,239.9382,0.8899997,,,,,,,,,,,,,,,,,99248.0,122232.0,195237.0,452590.0,471624.0,423241.0,330358.0,330358.0,,,,,,,,,,,,,,,,,,,,,,,,,135175.0,49976.0,78041.0,289357.0,207707.0,260494.0,182453.0,182453.0,,,,,,,,,,,,,,,,,0,0,
55,C9H11NO2,99.77,165.0791,2.5090013,,,,,,,,,,,,,,,,,342001.0,446312.0,990322.0,1807665.0,1936424.0,1376023.0,1361353.0,1361353.0,,,,,,,,,,,,,,,,,,,,,,,,,,,,,,,,,,,,,,,,,,,,,,,,,0,0,
650,C9H11NO2,94.05,165.0808,2.4859998,,,,,,,,,,,,,,,,,3693694.0,4901204.0,11786182.0,19420858.0,20547276.0,14167421.0,14519654.0,14519654.0,,,,,,,,,,,,,,,,,,,,,,,,,,,,,,,,,,,,,,,,,,,,,,,,,0,1,631(HCO2);631(HCO2);631(HCO2);631(HCO2);
74,C9H11NO31.5029991,87.51,181.0739,1.5029991,,,,,,,,,,,,,,,,,117263.0,,,429736.0,434057.0,459627.0,316794.0,316794.0,,,,,,,,,,,,,,,,,,,,,,,,,,,,,,,,,,,,,,,,,,,,,,,,,0,0,
694,C10H15N3O5_mfg,77.17,257.1027,1.0950003,,,,,,,,,,,,,,,,,,,,,,,,,,,,1109399.0,1149465.0,1246611.0,1149465.0,1149465.0,,,,1084161.0,1827940.0,1536326.0,1536326.0,1536326.0,,,,,,,,,,,,,,,,,,,,177473.0,317776.0,250522.0,250522.0,250522.0,,,,268274.0,298901.0,340146.0,298901.0,298901.0,0,0,
167,C10H9ClN6O2_mfg,96.52,280.0468,0.97200006,,,,,,,,,,,,,,,,,,,,,,,,,583121.0,,,2203590.0,2232435.0,2021617.0,1620469.0,1620469.0,,,,,,,,,,,,,,,,,,,,,,,,,,,,,,,,,,,,,,,,,0,0,
206,C11H4O7S2_mfg,63.56,311.9388,0.85300034,,,,,,,,,,,,,,,,,,,,,,,,,,20329.0,,58297.0,71212.0,65646.0,45317.0,45317.0,,,,,,,,,,,,,,,,,,,,,,,,,,,,,,,,,,,,,,,,,0,0,
266,C12H2N3O8S2_mfg,79.83,379.9207,0.85300034,,,,,,,,,,,,,,,,,,,,,,,,,,27337.0,21206.0,68723.0,88639.0,97750.0,64367.0,64367.0,,,,,,,,,,,,,,,,,,,,,,,,,,,,,,,,,,,,,,,,,0,0,
311,C12H4N2O13S2_mfg,75.76,447.9068,0.8489994,,,,,,,,,,,,,,,,,,,,,,,,,,21096.0,,50287.0,70749.0,76020.0,49653.0,49653.0,,,,,,,,,,,,,,,,,,,,,,,,,,,,,,,,,,,,,,,,,0,0,
236,C13H10N4O6S_mfg,83.46,350.0279,0.8689998,,,,,,,,,,,,,,,,,,,,,,,,,,,,55081.0,52020.0,51224.0,52020.0,52020.0,15297.0,,,49428.0,34984.0,47943.0,32646.0,32646.0,,,,57122.0,54971.0,56914.0,56914.0,56914.0,,,,,,,,,,,,,,,,,,,,,,,,,0,0,
341,C13H16N3O13S2_mfg,92.18,486.0062,0.8660001,,,,,,,,,,,,,,,,,,,,,,,,,,,,36607.0,32919.0,28186.0,32919.0,32919.0,,,,36209.0,22027.0,27630.0,27630.0,27630.0,,,,39104.0,21835.0,28825.0,28825.0,28825.0,,,,,,,,,,,,,,,,,,,,,,,,,0,0,
740,C14H18N5O4S_mfg,98.21,352.1075,5.806,,,,,,,,,,,,,,,,,,,,,,,,,,,,6519145.0,6639622.0,5649029.0,6519145.0,6519145.0,,,,11917738.0,8958480.0,6132220.0,8958480.0,8958480.0,,,,,,,,,,,,25009276.0,18516952.0,24476696.0,24476696.0,24476696.0,,,,24253348.0,22297960.0,18601638.0,22297960.0,22297960.0,,,,,,,,,0,0,
221,C14H20N3O6_mfg,82.23,326.1329,0.90000033,,,,,,,,,,,,,,,,,,,,,,,,,,,,26072.0,29568.0,34761.0,29568.0,29568.0,,,,25398.0,17236.0,31881.0,25398.0,25398.0,,,,28940.0,27653.0,27113.0,27653.0,27653.0,,,,,,,,,,,,,,,,,,,,,,,,,0,0,
319,C17H13ClN14O_mfg,77.48,464.1107,0.9059995,,,,,,,,,,,,,,,,,,,,,,,,,,,,41505.0,44759.0,41486.0,41505.0,41505.0,,,,,,,,,,,,43668.0,40955.0,39434.0,40955.0,40955.0,,,,,,,,,,,,,,,,,,,,,,,,,0,0,
240,C17H16N6OS_mfg,92.03,352.1129,5.8859982,,,,,,,,,,,,,,,,,,,,,,,,,,,,184934.0,237695.0,219282.0,219282.0,219282.0,,,,272473.0,243819.0,191988.0,243819.0,243819.0,,,,,,,,,,,,701729.0,461390.0,600545.0,600545.0,600545.0,,,,655666.0,568483.0,516731.0,568483.0,568483.0,,,,,,,,,1,0,200(CO2);200(CO2);200(CO2);200(CO2);200(CO2);200(CO2);200(CO2);200(CO2);200(CO2);200(CO2);200(CO2);200(CO2);200(CO2);200(CO2);200(CO2);200(CO2);
376,C17H16NO18S_mfg,82.79,554.0066,0.8590001,,,,,,,,,,,,,,,,,,,,,,,,,,,,31669.0,39550.0,36082.0,36082.0,36082.0,,,,37536.0,19847.0,32020.0,32020.0,32020.0,,,9770.0,43525.0,34816.0,32805.0,25046.0,25046.0,,,,,,,,,,,,,,,,,,,,,,,,,0,0,
371,C17H43N13O7_mfg,95.51,541.3386,10.700006,,,,,,,,,,,,,,,,,,,,,,,,,90496.0,187846.0,,485011.0,366773.0,443223.0,304052.0,304052.0,48876.0,87839.0,,419435.0,2657608.0,1697472.0,1629114.0,1629114.0,,,,,,,,,,,,,,,,,,,,,,,,,,,,,,,,,0,0,
429,C18H10N3O15S4_mfg,85.52,635.8995,0.8250004,,,,,,,,,,,,,,,,,,,,,,,,,,,,19893.0,22690.0,20917.0,20917.0,20917.0,,,,,,,,,,,,,,,,,,,,,,,,,,,,,,,,,,,,,,,,,0,0,
208,C19H20S2_mfg,92.32,312.0999,7.7709966,,,,,,,,,,,,,,,,,,,,,,,,,,,,63174.0,62846.0,55823.0,62846.0,62846.0,,,,84826.0,74084.0,59040.0,74084.0,74084.0,,,,65946.0,72011.0,52102.0,65946.0,65946.0,,,,143061.0,114155.0,138106.0,138106.0,138106.0,,,,152066.0,132523.0,111312.0,132523.0,132523.0,,,,,,,,,0,0,
777,C19H26N8O3_mfg,81.11,414.2105,8.916008,,,,,,,,,,,,,,,,,,,,,,,,,107589.0,,51720.0,575015.0,112513.0,459761.0,380107.0,380107.0,60227.0,134626.0,124015.0,581446.0,623258.0,215787.0,457431.0,457431.0,,,,,,,,,,,,,,,,,,,,,,,,,,,,,,,,,0,0,
422,C20H14O23_mfg,81.37,621.9995,0.856,,,,,,,,,,,,,,,,,,,,,,,,,6996.0,,,34131.0,33693.0,32286.0,26697.0,26697.0,,,,36006.0,26290.0,28597.0,28597.0,28597.0,,,8646.0,31234.0,15918.0,32867.0,22588.0,22588.0,,,,,,,,,,,,,,,,,,,,,,,,,0,0,
327,C20H16N11O4_mfg,81.85,474.1417,0.88800037,,,,,,,,,,,,,,,,,,,,,,,,,,,,26962.0,25427.0,31768.0,26962.0,26962.0,,,,22006.0,15421.0,26197.0,22006.0,22006.0,,,,27653.0,20272.0,28403.0,27653.0,27653.0,,,,,,,,,,,,,,,,,,,,,,,,,0,0,
783,C21H31N6O4_mfg,82.04,431.2376,8.916008,,,,,,,,,,,,,,,,,,,,,,,,,162708.0,,80296.0,439920.0,176536.0,401926.0,280424.0,280424.0,,,,,,,,,,,,,,,,,,,,,,,,,,,,,,,,,,,,,,,,,0,0,
449,C22H14N16O11_mfg,70.72,678.1035,0.882,,,,,,,,,,,,,,,,,,,,,,,,,,,,20017.0,15177.0,17881.0,17881.0,17881.0,,,,,,,,,,,,17212.0,14151.0,23960.0,17212.0,17212.0,,,,,,,,,,,,,,,,,,,,,,,,,0,0,
439,C22H4O20S2_mfg,75.16,651.875,0.8400001,,,,,,,,,,,,,,,,,,,,,,,,,,,,29364.0,38539.0,43175.0,38539.0,38539.0,,,,,,,,,,,,,,,,,,,,,,,,,,,,,,,,,,,,,,,,,0,0,
331,C23H47N3OS3_mfg,85.68,477.2874,10.553001,,,,,,,,,,,,,,,,,,,,,,,,,,,,66255.0,37192.0,59051.0,59051.0,59051.0,,,,55792.0,198821.0,98955.0,98955.0,98955.0,,,,,,,,,,,,,,,,,,,,,,,,,,,,,,,,,0,0,
409,C26H25FO11S,73.9,610.1152,0.8829997,,,,,,,,,,,,,,,,,,,,,,,,,,,,30847.0,28721.0,29368.0,29368.0,29368.0,,,,21159.0,21829.0,25382.0,21829.0,21829.0,,,,27141.0,21862.0,30681.0,27141.0,27141.0,,,,,,,,,,,,,,,,,,,,,,,,,0,0,
381,C28H53O9S_mfg,89.1,565.3395,10.543003,,,,,,,,,,,,,,,,,,,,,,,,,,,,99127.0,56353.0,76489.0,76489.0,76489.0,,,,88664.0,257930.0,139283.0,139283.0,139283.0,,,,,,,,,,,,,,,,,,,,,,,,,,,,,,,,,0,0,
469,C29H63N16O5_mfg,97.54,715.5156,13.0490055,,,,,,,,,,,,,,,,,,,,,,,,,,,,266090.0,69617.0,166027.0,166027.0,166027.0,,,,259507.0,1518657.0,470230.0,470230.0,470230.0,,,,,,,,,,,,,,,,,,,,,,,,,,,,,,,,,0,0,
283,C30H18N2_mfg,63.21,406.1522,0.8969997,,,,,,,,,,,,,,,,,,,,,,,,,,,,64075.0,58880.0,67113.0,64075.0,64075.0,,,,,,,,,,,,66398.0,57058.0,69587.0,66398.0,66398.0,,,,,,,,,,,,,,,,,,,,,,,,,0,0,
591,C31H24ClNO30S2.0329993_mfg,82.89,956.9793,2.0329993,,,,,,,,,,,,,,,,,,,,,,,,,,,,196016.0,154567.0,97308.0,154567.0,154567.0,,,,235433.0,275433.0,239473.0,239473.0,239473.0,,,,,,,,,,,,,,,,,,,,,,,,,,,,,,,,,0,0,
474,C32H2NO14S3_mfg,80.99,719.8631,0.8499999,,,,,,,,,,,,,,,,,,,,,,,,,,,,21254.0,24137.0,27897.0,24137.0,24137.0,,,,32259.0,24851.0,21739.0,24851.0,24851.0,,,,,,,,,,,,,,,,,,,,,,,,,,,,,,,,,0,0,
858,C32H42N2O64.584_mfg,98.65,550.3042,4.584,,,,,,,,,,,,,,,,,,,,,,,,,,536214.0,408826.0,1678002.0,1630499.0,1604335.0,1157979.0,1157979.0,623438.0,838292.0,688585.0,2073097.0,4818525.0,2162188.0,1473603.0,1473603.0,,,,,,,,,,,,334797.0,246593.0,345945.0,334797.0,334797.0,,,,332830.0,432261.0,305810.0,332830.0,332830.0,,,,,,,,,0,0,
519,C34H67N20O3_mfg,98.65,803.5672,13.045,,,,,,,,,,,,,,,,,,,,,,,,,,,,1596986.0,326374.0,834452.0,834452.0,834452.0,,,,1534463.0,7713820.0,3584945.0,3584945.0,3584945.0,,,,581153.0,1570065.0,95218.0,581153.0,581153.0,,,,,,,,,,,,,,,,,,,,,,,,,0,0,
396,C36H65N5O_mfg,98.45,583.5176,13.017007,,,,,,,,,,,,,,,,,,,,,,,,,,,,490605.0,106244.0,271340.0,271340.0,271340.0,,,,435258.0,2849787.0,795549.0,795549.0,795549.0,,,,180301.0,567955.0,41461.0,180301.0,180301.0,,,,,,,,,,,,,,,,,,,,,,,,,0,0,
499,C42H73N3O7S_mfg,92.64,763.5155,12.8519945,,,,,,,,,,,,,,,,,,,,,,,,,,,,331721.0,79025.0,197157.0,197157.0,197157.0,,,,,,,,,,,,,,,,,,,,,,,,,,,,,,,,,,,,,,,,,0,0,
526,C42H8Cl2N8S4_mfg,47.62,819.915,0.8689999,,,,,,,,,,,,,,,,,,,,,,,,,,,,19374.0,17839.0,17480.0,17839.0,17839.0,,,,,,,,,,,,,,,,,,,,,,,,,,,,,,,,,,,,,,,,,0,0,
530,C44H81N3O9S_mfg,97.4,827.5674,12.952004,,,,,,,,,,,,,,,,,,,,,,,,,,,,613653.0,128735.0,318913.0,318913.0,318913.0,,,,574490.0,2587423.0,1161518.0,1161518.0,1161518.0,,,,,,,,,,,,,,,,,,,,,,,,,,,,,,,,,0,0,
480,C45H71O8_mfg,95.79,739.5155,12.953998,,,,,,,,,,,,,,,,,,,,,,,,,,,,351356.0,90352.0,213089.0,213089.0,213089.0,,,,328343.0,1638309.0,471604.0,471604.0,471604.0,,,,,,,,,,,,,,,,,,,,,,,,,,,,,,,,,0,0,
548,C46H81N3O9S_mfg,94.57,851.5685,12.8519945,,,,,,,,,,,,,,,,,,,,,,,,,,,,224691.0,48660.0,115072.0,115072.0,115072.0,,,,219036.0,919169.0,456957.0,456957.0,456957.0,,,,,,,,,,,,,,,,,,,,,,,,,,,,,,,,,0,1,568(CO2);568(CO2);568(CO2);568(CO2);568(CO2);568(CO2);568(CO2);568(CO2);
945,C47H73N5O3_mfg,97.52,755.5817,12.630999,,,,,,,,,,,,,,,,,,,,,,,,,,,,6873940.0,1658528.0,3223948.0,3223948.0,3223948.0,,,,5970167.0,28307328.0,12809946.0,12809946.0,12809946.0,,,,,,,,,,,,,,,,,,,,,,,,,,,,,,,,,0,0,
558,C48H77N3O11_mfg,96.57,871.5556,13.046998,,,,,,,,,,,,,,,,,,,,,,,,,,,,191129.0,42155.0,105760.0,105760.0,105760.0,,,,184640.0,705624.0,402250.0,402250.0,402250.0,,,,,,,,,,,,,,,,,,,,,,,,,,,,,,,,,0,0,
154,C4H8Cl2N4O5_mfg,78.69,261.9899,0.97299963,,,,,,,,,,,,,,,,,,,,,,,,,,,,70727.0,73914.0,72639.0,72639.0,72639.0,,,,,,,,,,,,77927.0,73742.0,63373.0,73742.0,73742.0,,,,,,,,,,,,,,,,,,,,,,,,,0,0,
651,C5H6N5O2_mfg,75.68,168.0513,0.90200037,,,,,,,,,,,,,,,,,,,,,,,,,132171.0,84256.0,94084.0,830449.0,848151.0,838181.0,744097.0,744097.0,205654.0,224485.0,171136.0,860120.0,607283.0,752077.0,546423.0,546423.0,144699.0,119330.0,180105.0,865308.0,890971.0,811870.0,720609.0,720609.0,564907.0,397758.0,394621.0,1452567.0,1323784.0,1413230.0,1015472.0,1015472.0,,,,,,,,,,,,,,,,,0,0,
18,C5H7NO31.0769998,95.06,129.0431,1.0769998,,,,,,,,,,,,,,,,,,,,,,,,,,,,3889679.0,4053616.0,4781690.0,4053616.0,4053616.0,,,,5078321.0,5970122.0,4987359.0,5078321.0,5078321.0,,,,,,,,,,,,,,,,,,,,2032207.0,2409823.0,4670689.0,2409823.0,2409823.0,,,,,,,,,0,1,35(H2O);35(H2O);35(H2O);35(H2O);35(H2O);35(H2O);35(H2O);35(H2O);35(H2O);35(H2O);35(H2O);35(H2O);
52,C5H8ClNO3_mfg,96.59,165.0185,1.0890005,,,,,,,,,,,,,,,,,,,,,,,,,,,,697918.0,780972.0,446668.0,697918.0,697918.0,,,,,,,,,,,,,,,,,,,,,,,,,,,,,,,,,,,,,,,,,0,0,
35,C5H9NO41.0460005,53.82,147.0535,1.0460005,,,,,,,,,,,,,,,,,,,,,,,,,,,,845411.0,847132.0,769171.0,845411.0,845411.0,,,,989210.0,1190569.0,900157.0,989210.0,989210.0,,,,958350.0,996670.0,862364.0,958350.0,958350.0,,,,,,,,,,,,,,,,,,,,,,,,,1,0,18(H2O);18(H2O);18(H2O);18(H2O);18(H2O);18(H2O);18(H2O);18(H2O);18(H2O);18(H2O);18(H2O);18(H2O);
114,C6H8N5O4_mfg,76.48,214.0573,0.8759998,,,,,,,,,,,,,,,,,,,,,,,,,,,,154600.0,156822.0,150924.0,154600.0,154600.0,,,,,,,,,,22253.0,,160003.0,148649.0,162661.0,137750.0,137750.0,,,,,,,,,,,,,,,,,,,,,,,,,0,0,
68,C8H2NS2_mfg,63.51,175.9642,0.8460004,,,,,,,,,,,,,,,,,,,,,,,,,,26093.0,,110584.0,156799.0,156248.0,130155.0,130155.0,19638.0,82123.0,44918.0,201654.0,174818.0,146429.0,129900.0,129900.0,,,,,,,,,,,,,,,,,,,,,,,,,,,,,,,,,0,0,
140,C8H4O5S2_mfg,59.35,243.9513,0.85300034,,,,,,,,,,,,,,,,,,,,,,,,,,24463.0,,69920.0,97543.0,111552.0,73080.0,73080.0,,,,,,,,,,,,,,,,,,,,,,,,,,,,,,,,,,,,,,,,,0,0,
696,C9H20N4OS2_mfg,91.94,264.1006,1.2729998,,,,,,,,,,,,,,,,,,,,,,,,,89329.0,117864.0,,644425.0,694328.0,480331.0,540829.0,540829.0,106010.0,63726.0,61238.0,1029016.0,737973.0,471479.0,674247.0,674247.0,101832.0,87083.0,154916.0,845761.0,887660.0,578259.0,743929.0,743929.0,529771.0,164968.0,292500.0,2830132.0,2519026.0,2464331.0,2226526.0,2226526.0,474066.0,156174.0,522389.0,2136761.0,2470222.0,2136831.0,1662765.0,1662765.0,706314.0,234662.0,516273.0,2503266.0,2606895.0,2400288.0,1986993.0,1986993.0,0,0,
170,C9H8N5O6_mfg,77.38,282.0417,0.8709996,,,,,,,,,,,,,,,,,,,,,,,,,,,,64567.0,58109.0,54228.0,58109.0,58109.0,,,,,,,,,,,,65095.0,59643.0,61738.0,61738.0,61738.0,,,,,,,,,,,,,,,,,,,,,,,,,0,0,
752,C13H33N11O_mfg,72.47,359.2899,11.416008,,,,,,,,,,,,,,,,,,,,,,,,,,,,,,,,,,,,91250.0,393648.0,35893.0,91250.0,91250.0,,,,,,,,,,,,,,,,,,,,,,,,,,,,,,,,,0,0,
701,C17H20N3_mfg,77.45,266.1694,9.717004,,,,,,,,,,,,,,,,,,,,,,,,,,,,,,,,,217958.0,278565.0,245021.0,239121.0,749502.0,2346943.0,504481.0,504481.0,,,,,,,,,,,,,,,,,,,,,,,,,,,,,,,,,0,0,
826,C18H34N4O8S2_mfg,95.87,498.1788,0.9140003,,,,,,,,,,,,,,,,,,,,,,,,,,,,,,,,,1904094.0,,1960998.0,6900092.0,6095576.0,6590351.0,4657805.0,4657805.0,,,,,,,,,,,,,,,,,,,,,,,,,,,,,,,,,0,0,
316,C19H37N10OS_mfg,94.33,453.2863,10.702001,,,,,,,,,,,,,,,,,,,,,,,,,,,,,,,,,94438.0,138942.0,197048.0,296833.0,1906459.0,1128144.0,989202.0,989202.0,,,,,,,,,,,,,,,,,,,,,,,,,,,,,,,,,0,0,
746,C19H43N6_mfg,76.77,355.3539,11.2820015,,,,,,,,,,,,,,,,,,,,,,,,,,,,,,,,,,,,77570.0,397607.0,203157.0,203157.0,203157.0,,,,,,,,,,,,,,,,,,,,461223.0,485829.0,63299.0,461223.0,461223.0,,,,48983.0,515021.0,74811.0,74811.0,74811.0,0,0,
269,C20H17FO5S,91.93,388.0799,5.8989987,,,,,,,,,,,,,,,,,,,,,,,,,,,,,,,,,,,,73501.0,67311.0,38081.0,67311.0,67311.0,,,,54917.0,65216.0,45677.0,54917.0,54917.0,,,,170285.0,103873.0,157625.0,157625.0,157625.0,,,,186933.0,152705.0,130333.0,152705.0,152705.0,,,,,,,,,0,0,
190,C20H30O2,86.55,302.2274,10.782998,,,,,,,,,,,,,,,,,,,,,,,,,,,,,,,,,45998.0,117846.0,109220.0,109665.0,582836.0,409932.0,300712.0,300712.0,,,,,,,,,,,,,,,,,,,,,,,,,,,,,,,,,0,0,
306,C22H28N6O4_mfg,82.05,440.2172,11.006999,,,,,,,,,,,,,,,,,,,,,,,,,,,,,,,,,,,,32186.0,107242.0,34522.0,34522.0,34522.0,,,,,,,,,,,,,,,,,,,,,,,,,,,,,,,,,1,0,276(CO2);276(CO2);276(CO2);276(CO2);
334,C27H44ClN2O3_mfg,73.25,479.3022,10.801001,,,,,,,,,,,,,,,,,,,,,,,,,,,,,,,,,41979.0,70111.0,82505.0,75086.0,561644.0,285279.0,215168.0,215168.0,,,,,,,,,,,,,,,,,,,,,,,,,,,,,,,,,0,0,
349,C30H37N4O3_mfg,93.97,501.2866,10.549005,,,,,,,,,,,,,,,,,,,,,,,,,,,,,,,,,,,,68593.0,236632.0,124309.0,124309.0,124309.0,,,,,,,,,,,,,,,,,,,,,,,,,,,,,,,,,0,0,
363,C32H37N4O3_mfg,77.41,525.287,10.535,,,,,,,,,,,,,,,,,,,,,,,,,,,,,,,,,,,,41444.0,173842.0,87846.0,87846.0,87846.0,,,,,,,,,,,,,,,,,,,,,,,,,,,,,,,,,0,0,
869,C32H38N9O2_mfg,76.97,580.3155,4.4369974,,,,,,,,,,,,,,,,,,,,,,,,,,,,,,,,,,,,702686.0,1083212.0,735748.0,735748.0,735748.0,,,,,,,,,,,,,,,,,,,,,,,,,,,,,,,,,0,0,
875,C37H66N4O2_mfg,72.12,598.5116,12.1810055,,,,,,,,,,,,,,,,,,,,,,,,,,,,,,,,,289136.0,540449.0,91546.0,176776.0,1242481.0,886396.0,597260.0,597260.0,,,,,,,,,,,,,,,,,,,,,,,,,,,,,,,,,0,0,
957,C38H69N13O4_mfg,68.77,771.565,11.755004,,,,,,,,,,,,,,,,,,,,,,,,,,,,,,,,,61850.0,173225.0,91116.0,129309.0,1216855.0,502687.0,411571.0,411571.0,,,,,,,,,,,,,,,,,,,,,,,,,,,,,,,,,0,0,
938,C39H73N4O9_mfg,98.61,741.5565,13.104003,,,,,,,,,,,,,,,,,,,,,,,,,,,,,,,,,959792.0,1220812.0,1120164.0,1090665.0,4003388.0,5416019.0,2883224.0,2883224.0,,,,,,,,,,,,,,,,,,,,,,,,,,,,,,,,,0,0,
965,C41H69N12O3_mfg,65.84,777.5492,12.247992,,,,,,,,,,,,,,,,,,,,,,,,,,,,,,,,,89561.0,637514.0,92847.0,89345.0,790827.0,352957.0,260110.0,260110.0,,,,,,,,,,,,,,,,,,,,,,,,,,,,,,,,,0,0,
524,C43H77N3O9S_mfg,86.87,811.5365,12.806007,,,,,,,,,,,,,,,,,,,,,,,,,,,,,,,,,,,,111051.0,262342.0,145946.0,145946.0,145946.0,,,,,,,,,,,,,,,,,,,,,,,,,,,,,,,,,0,0,
534,C43H79N2O7S3_mfg,68.81,831.5039,12.851007,,,,,,,,,,,,,,,,,,,,,,,,,,,,,,,,,,,,40682.0,145950.0,65823.0,65823.0,65823.0,,,,,,,,,,,,,,,,,,,,,,,,,,,,,,,,,0,0,
488,C44H78NO8_mfg,96.9,748.5719,12.6740055,,,,,,,,,,,,,,,,,,,,,,,,,,,,,,,,,,,,74586.0,387008.0,172359.0,172359.0,172359.0,,,,,,,,,,,,,,,,,,,,,,,,,,,,,,,,,0,0,
508,C46H73N4O6_mfg,96.26,777.5523,12.857993,,,,,,,,,,,,,,,,,,,,,,,,,,,,,,,,,,,,125295.0,633895.0,304560.0,304560.0,304560.0,,,,,,,,,,,,,,,,,,,,,,,,,,,,,,,,,0,0,
522,C47H73N3O4S2_mfg,82.48,807.5028,12.9509945,,,,,,,,,,,,,,,,,,,,,,,,,,,,,,,,,,,,45552.0,147934.0,58943.0,58943.0,58943.0,,,,,,,,,,,,,,,,,,,,,,,,,,,,,,,,,0,0,
567,C50H77N3O11_mfg,96.8,895.5549,12.952004,,,,,,,,,,,,,,,,,,,,,,,,,,,,,,,,,,,,71328.0,280650.0,141681.0,141681.0,141681.0,,,,,,,,,,,,,,,,,,,,,,,,,,,,,,,,,0,0,
514,C54H109NO_mfg,60.07,787.851,0.8499998,,,,,,,,,,,,,,,,,,,,,,,,,,,,,,,,,,,,23333.0,18396.0,16624.0,18396.0,18396.0,,,,,,,,,,,,,,,,,,,,,,,,,,,,,,,,,0,0,
37,C5H11NO2S1.0860003,95.07,149.0514,1.0860003,,,,,,,,,,,,,,,,,,,,,,,,,,,,,,,,,,,,336693.0,340595.0,261777.0,336693.0,336693.0,,,,,,,,,,,,,,,,,,,,553255.0,532451.0,498678.0,532451.0,532451.0,,,,,,,,,0,0,
32,C6H10O4,87.43,146.0579,2.115999,,,,,,,,,,,,,,,,,,,,,,,,,,,,,,,,,,,,147549.0,374707.0,96954.0,147549.0,147549.0,,,,,,,,,,,,,,,,,,,,,,,,,,,,,,,,,0,0,
286,C8H23ClN5O2S5_mfg,83.92,416.0161,0.96099967,,,,,,,,,,,,,,,,,,,,,,,,,,,,,,,,,,,,81300.0,106220.0,48911.0,81300.0,81300.0,,,,,,,,,,,,,,,,,,,,,,,,,,,,,,,,,0,0,
83,C8H8O3S_mfg,98.4,184.0195,3.1060014,,,,,,,,,,,,,,,,,,,,,,,,,,,,,,,,,,,,75100.0,78628.0,54879.0,75100.0,75100.0,,,,80100.0,88199.0,62862.0,80100.0,80100.0,,,,138013.0,104327.0,127902.0,127902.0,127902.0,,,,152534.0,139079.0,124962.0,139079.0,139079.0,,,,157792.0,179226.0,162179.0,162179.0,162179.0,0,0,
760,C11H20N8O7_mfg,80.86,376.1416,1.2669991,,,,,,,,,,,,,,,,,,,,,,,,,,,,,,,,,,,,,,,,,,,,1163210.0,951232.0,796113.0,951232.0,951232.0,,,,1611314.0,1657544.0,1220762.0,1611314.0,1611314.0,,,,1176781.0,1102856.0,914155.0,1102856.0,1102856.0,,,,1279986.0,1033170.0,1186949.0,1186949.0,1186949.0,0,0,
654,C13H6N_mfg,77.61,176.0493,1.4449998,,,,,,,,,,,,,,,,,,,,,,,,,,,,,,,,,,,,,,,,,,,,573716.0,593512.0,542762.0,573716.0,573716.0,,,,,,,,,,,,,,,,,,,,,,,,,0,0,
401,C17H24Cl2N10O10_mfg,82.21,598.1036,0.9389995,,,,,,,,,,,,,,,,,,,,,,,,,,,,,,,,,,,,,,,,,,,,34800.0,33968.0,30933.0,33968.0,33968.0,,,,,,,,,,,,,,,,,,,,,,,,,0,0,
297,C22H24N3O4S_mfg,94.0,426.149,1.0550002,,,,,,,,,,,,,,,,,,,,,,,,,,,,,,,,,,,,,,,,,,,,168519.0,130612.0,171086.0,168519.0,168519.0,,,,107800.0,102072.0,100987.0,102072.0,102072.0,,,,,,,,,,,,101527.0,94298.0,98550.0,98550.0,98550.0,0,0,
589,C29H22ClN4O29SEsi-2.806_mfg,84.58,956.9791,2.806,,,,,,,,,,,,,,,,,,,,,,,,,,,,,,,,,,,,,,,,,,,,153090.0,184282.0,62245.0,153090.0,153090.0,,,,,,,,,,,,,,,,,,,,89730.0,301929.0,149888.0,149888.0,149888.0,0,0,
305,C29H28NO3_mfg,78.24,438.2073,7.700998,,,,,,,,,,,,,,,,,,,,,,,,,,,,,,,,,,,,,,,,,,,,44305.0,39815.0,42879.0,42879.0,42879.0,,,,,,,,,,,,,,,,,,,,,,,,,0,0,
602,C31H19N8O27S10.963995_mfg,73.42,967.0067,10.963995,,,,,,,,,,,,,,,,,,,,,,,,,,,,,,,,,,,,,,,,,,,,217904.0,499526.0,651303.0,499526.0,499526.0,,,,,,,,,,,,,,,,,,,,,,,,,0,0,
359,C31H50N713.046998_mfg,77.44,520.4125,13.046998,,,,,,,,,,,,,,,,,,,,,,,,,,,,,,,,,,,,,,,,,,,,53225.0,43783.0,57613.0,53225.0,53225.0,,,,62467.0,67715.0,61189.0,62467.0,62467.0,,,,62701.0,59843.0,59886.0,59886.0,59886.0,,,,,,,,,0,0,
642,C8H4O3_mfg,84.63,148.0177,11.388,,,,,,,,,,,,,,,,,,,,,,,,,,,,,,,,,,,,,,,,,1888474.0,141193.0,434268.0,1637240.0,1555779.0,1219788.0,1121511.0,1121511.0,,,,,,,,,,,,,,,,,,,,,,,,,0,0,
680,C12H27N4_mfg,86.49,227.223,8.237,,,,,,,,,,,,,,,,,,,,,,,,,,,,,,,,,,,,,,,,,,,,,,,,,208747.0,84156.0,72058.0,1862047.0,269730.0,1617134.0,1532978.0,1532978.0,108797.0,,175455.0,1969224.0,1241261.0,168167.0,1099135.0,1099135.0,,,,,,,,,0,0,
295,C14H18N8O4S2_mfg,98.58,426.0901,0.95100015,,,,,,,,,,,,,,,,,,,,,,,,,,,,,,,,,,,,,,,,,,,,,,,,,,,,165387.0,174879.0,166797.0,166797.0,166797.0,,,,,,,,,,,,,,,,,0,0,
765,C14H25N7O2S2_mfg,96.78,387.1499,1.2560003,,,,,,,,,,,,,,,,,,,,,,,,,,,,,,,,,,,,,,,,,,,,,,,,,,,,1019996.0,1130353.0,961267.0,1019996.0,1019996.0,,,,981699.0,892922.0,1161162.0,981699.0,981699.0,,,,988411.0,853694.0,869608.0,869608.0,869608.0,0,0,
791,C15H25N14O3_mfg,83.01,449.2201,7.033997,,,,,,,,,,,,,,,,,,,,,,,,,,,,,,,,,,,,,,,,,,,,,,,,,,,,334614.0,109135.0,108789.0,109135.0,109135.0,,,,,,,,,,,,,,,,,0,0,
693,C16H33NO_mfg,92.43,255.2561,9.714997,,,,,,,,,,,,,,,,,,,,,,,,,,,,,,,,,,,,,,,,,,,,,,,,,17069956.0,4995153.0,7326101.0,77653944.0,11583354.0,71719184.0,64393083.0,64393083.0,6417928.0,4193563.0,19668552.0,76126928.0,70930128.0,8702230.0,64512200.0,64512200.0,,,,,,,,,0,0,
689,C16H35N_mfg,74.33,241.2787,9.816003,,,,,,,,,,,,,,,,,,,,,,,,,,,,,,,,,,,,,,,,,,,,,,,,,343521.0,,157842.0,2250625.0,303739.0,2173229.0,1922547.0,1922547.0,173502.0,,145445.0,2324128.0,2655354.0,294504.0,2164654.0,2164654.0,,,,,,,,,0,0,
790,C17H39N11O3_mfg,75.17,445.322,11.103001,,,,,,,,,,,,,,,,,,,,,,,,,,,,,,,,,,,,,,,,,,,,,,,,,,,,552643.0,70882.0,229466.0,229466.0,229466.0,,,,,,,,,,,,,,,,,0,0,
721,C18H25N2O2_mfg,77.88,301.1871,2.9199986,,,,,,,,,,,,,,,,,,,,,,,,,,,,,,,,,,,,,,,,,,,,,,,,,368602.0,106049.0,183728.0,683857.0,689029.0,778697.0,505301.0,505301.0,,,,,,,,,,,,,,,,,0,0,
712,C18H37NO_mfg,92.75,283.2896,10.892003,,,,,,,,,,,,,,,,,,,,,,,,,,,,,,,,,,,,,,,,,,,,,,,,,11892122.0,2399215.0,4858670.0,63344356.0,5882071.0,67563168.0,58485686.0,58485686.0,3006958.0,2368467.0,21404632.0,67105152.0,83623848.0,6990445.0,64098194.0,64098194.0,,,,,,,,,0,0,
725,C18H39N4_mfg,96.27,311.3234,11.588995,,,,,,,,,,,,,,,,,,,,,,,,,,,,,,,,,,,,,,,,,,,,,,,,,3588938.0,521715.0,1025543.0,27656208.0,1407329.0,32765656.0,26630665.0,26630665.0,1563639.0,564657.0,9476564.0,31452404.0,42356672.0,2126916.0,29888765.0,29888765.0,,,,,,,,,0,0,
406,C18H8Cl2N3O15S_mfg,71.32,607.9038,0.9049998,,,,,,,,,,,,,,,,,,,,,,,,,,,,,,,,,,,,,,,,,,,,,,,,,,,,16045.0,15496.0,14250.0,15496.0,15496.0,,,,15019.0,16161.0,16635.0,16161.0,16161.0,,,,,,,,,0,0,
414,C20H32N6O12S2,96.2,612.1522,1.5559999,,,,,,,,,,,,,,,,,,,,,,,,,,,,,,,,,,,,,,,,,,,,,,,,,,,,149094.0,153715.0,135488.0,149094.0,149094.0,,,,,,,,,,,,,,,,,0,0,
772,C20H34N2O6_mfg,80.04,398.2511,9.941994,,,,,,,,,,,,,,,,,,,,,,,,,,,,,,,,,,,,,,,,,,,,,,,,,34825.0,143738.0,132407.0,847167.0,213312.0,700410.0,568003.0,568003.0,97180.0,121049.0,78400.0,705076.0,404658.0,240379.0,307478.0,307478.0,,,,,,,,,0,0,
841,C22H53N10O4_mfg,99.14,521.4248,9.718996,,,,,,,,,,,,,,,,,,,,,,,,,,,,,,,,,,,,,,,,,,,,,,,,,56438.0,,,2428185.0,55581.0,525084.0,468646.0,468646.0,,,,,,,,,,,,,,,,,0,0,
780,C23H23N4O4_mfg,77.29,419.1721,1.3199998,,,,,,,,,,,,,,,,,,,,,,,,,,,,,,,,,,,,,,,,,,,,,,,,,,,,995293.0,1126034.0,866220.0,995293.0,995293.0,,,,936711.0,840332.0,1149746.0,936711.0,936711.0,,,,1107972.0,881255.0,956773.0,956773.0,956773.0,0,0,
750,C24H29N3_mfg,81.74,359.2371,9.947999,,,,,,,,,,,,,,,,,,,,,,,,,,,,,,,,,,,,,,,,,,,,,,,,,,,,317869.0,116163.0,157845.0,157845.0,157845.0,,,,,,,,,,,,,,,,,0,0,
597,C31H24ClNO30S1.2919999_mfg,83.02,956.9798,1.2919999,,,,,,,,,,,,,,,,,,,,,,,,,,,,,,,,,,,,,,,,,,,,,,,,,,,,833979.0,822819.0,803669.0,822819.0,822819.0,,,,,,,,,,,,,,,,,0,0,
350,C32H13ClN5_mfg,63.31,502.0843,5.8900027,,,,,,,,,,,,,,,,,,,,,,,,,,,,,,,,,,,,,,,,,,,,,,,,,,,,124348.0,68400.0,110331.0,110331.0,110331.0,,,,118315.0,105185.0,78196.0,105185.0,105185.0,,,,,,,,,0,0,
948,C37H75N9O7_mfg,99.58,757.5954,12.984004,,,,,,,,,,,,,,,,,,,,,,,,,,,,,,,,,,,,,,,,,,,,,,,,,290838.0,121507.0,,8656389.0,509776.0,10309959.0,8450217.0,8450217.0,,,,6280733.0,8252936.0,510225.0,6280733.0,6280733.0,,,,,,,,,0,0,
947,C38H81N2O12_mfg,99.34,757.5893,12.984991,,,,,,,,,,,,,,,,,,,,,,,,,,,,,,,,,,,,,,,,,,,,,,,,,495896.0,159860.0,,8326261.0,451013.0,10202131.0,7998383.0,7998383.0,76008.0,,,6082717.0,8186757.0,481407.0,6006709.0,6006709.0,,,,,,,,,0,0,
971,C39H71N15O2_mfg,68.99,781.5934,12.890996,,,,,,,,,,,,,,,,,,,,,,,,,,,,,,,,,,,,,,,,,,,,,,,,,171766.0,,,4319855.0,246657.0,5276690.0,4148089.0,4148089.0,,,83753.0,2995501.0,3955063.0,261211.0,2911748.0,2911748.0,,,,,,,,,0,0,
969,C43H83N5O3S2_mfg,90.12,781.5859,12.888997,,,,,,,,,,,,,,,,,,,,,,,,,,,,,,,,,,,,,,,,,,,,,,,,,259871.0,,,4341892.0,202893.0,5249950.0,4082021.0,4082021.0,,,369593.0,2995947.0,3640938.0,247189.0,2626354.0,2626354.0,,,,,,,,,0,0,
4,C5H7NO2,87.32,113.0479,1.1749995,,,,,,,,,,,,,,,,,,,,,,,,,,,,,,,,,,,,,,,,,,,,,,,,,516112.0,,,1748863.0,1829329.0,1688480.0,1232751.0,1232751.0,,,,,,,,,,,,,,,,,0,0,
29,C6H6N2O2,87.16,138.0431,1.3079994,,,,,,,,,,,,,,,,,,,,,,,,,,,,,,,,,,,,,,,,,,,,,,,,,,,,2137240.0,2084064.0,1660829.0,2084064.0,2084064.0,,,,1579317.0,1538731.0,510798.0,1538731.0,1538731.0,,,,,,,,,0,0,
92,C6H9NO4S_mfg,99.4,191.0256,1.1689996,,,,,,,,,,,,,,,,,,,,,,,,,,,,,,,,,,,,,,,,,,,,,,,,,541973.0,,,1763307.0,1837859.0,1681287.0,1221334.0,1221334.0,,,,,,,,,,,,,,,,,0,0,
152,C9H14N4O3S_mfg,96.87,258.0783,1.4879996,,,,,,,,,,,,,,,,,,,,,,,,,,,,,,,,,,,,,,,,,,,,,,,,,,,,185825.0,176357.0,226539.0,185825.0,185825.0,,,,246216.0,236411.0,221908.0,236411.0,236411.0,,,,184673.0,245895.0,252904.0,245895.0,245895.0,0,0,
64,C9H4NO3_mfg,72.44,174.0199,1.3020011,,,,,,,,,,,,,,,,,,,,,,,,,,,,,,,,,,,,,,,,,,,,,,,,,,,,372439.0,319459.0,276103.0,319459.0,319459.0,,,,,,,,,,,,233362.0,252442.0,271023.0,252442.0,252442.0,0,0,
262,C15H20N8O2S_mfg,97.54,376.1425,1.0830001,,,,,,,,,,,,,,,,,,,,,,,,,,,,,,,,,,,,,,,,,,,,,,,,,,,,,,,,,,,,219775.0,210569.0,126614.0,210569.0,210569.0,,,,,,,,,0,0,
742,C16H20N2O5S_mfg,98.77,352.1102,5.539001,,,,,,,,,,,,,,,,,,,,,,,,,,,,,,,,,,,,,,,,,,,,,,,,,,,,,,,,,,,,1481330.0,1808204.0,1344689.0,1481330.0,1481330.0,,,,,,,,,0,0,
843,C19H41N17O_mfg,81.48,523.3739,11.052001,,,,,,,,,,,,,,,,,,,,,,,,,,,,,,,,,,,,,,,,,,,,,,,,,,,,,,,,,10352.0,,30127.0,169636.0,164612.0,88552.0,144372.0,144372.0,,,,,,,,,0,0,
271,C20H19FO5S,68.61,390.0948,6.182004,,,,,,,,,,,,,,,,,,,,,,,,,,,,,,,,,,,,,,,,,,,,,,,,,,,,,,,,,,,,63007.0,54352.0,51217.0,54352.0,54352.0,,,,,,,,,0,0,
756,C20H25N4O3_mfg,80.26,369.1888,1.361,,,,,,,,,,,,,,,,,,,,,,,,,,,,,,,,,,,,,,,,,,,,,,,,,,,,,,,,,302885.0,217114.0,,1859728.0,1840965.0,1537275.0,1580965.0,1580965.0,,,,,,,,,0,0,
847,C21H50N14O2_mfg,77.63,530.4167,12.2750025,,,,,,,,,,,,,,,,,,,,,,,,,,,,,,,,,,,,,,,,,,,,,,,,,,,,,,,,,,,23796.0,1459377.0,777749.0,90658.0,753953.0,753953.0,,,,,,,,,0,0,
853,C26H49N5O5S_mfg,93.27,543.3428,10.517002,,,,,,,,,,,,,,,,,,,,,,,,,,,,,,,,,,,,,,,,,,,,,,,,,,,,,,,,,,,,107964.0,94524.0,80668.0,94524.0,94524.0,,,,,,,,,0,0,
840,C27H47N5O5_mfg,98.54,521.3659,10.786994,,,,,,,,,,,,,,,,,,,,,,,,,,,,,,,,,,,,,,,,,,,,,,,,,,,,,,,,,49949.0,,35250.0,178419.0,160553.0,138052.0,117953.0,117953.0,,,,,,,,,0,0,
854,C32H51N2OS2_mfg,86.75,543.3517,10.518003,,,,,,,,,,,,,,,,,,,,,,,,,,,,,,,,,,,,,,,,,,,,,,,,,,,,,,,,,,,,100261.0,98077.0,72960.0,98077.0,98077.0,,,,,,,,,0,0,
369,C35H26NOS2_mfg,47.62,540.1414,0.8840001,,,,,,,,,,,,,,,,,,,,,,,,,,,,,,,,,,,,,,,,,,,,,,,,,,,,,,,,,,,,23870.0,28300.0,25853.0,25853.0,25853.0,,,,,,,,,0,0,
990,C45H79N3O9_mfg,99.55,805.6002,12.7979965,,,,,,,,,,,,,,,,,,,,,,,,,,,,,,,,,,,,,,,,,,,,,,,,,,,,,,,,,,,,967131.0,1248025.0,82317.0,967131.0,967131.0,,,,,,,,,0,0,
173,C8H20N5O2S21.0309993_mfg,92.65,282.1064,1.0309993,,,,,,,,,,,,,,,,,,,,,,,,,,,,,,,,,,,,,,,,,,,,,,,,,,,,,,,,,,,,84823.0,87856.0,93784.0,87856.0,87856.0,,,,,,,,,0,0,
110,C11H11ClNO_mfg,85.25,208.0515,13.248995,,,,,,,,,,,,,,,,,,,,,,,,,,,,,,,,,,,,,,,,,,,,,,,,,,,,,,,,,,,,,,,,,,,,61103.0,53405.0,87088.0,61103.0,61103.0,0,0,
136,C14H9ClNO_mfg,90.33,242.036,1.0520006,,,,,,,,,,,,,,,,,,,,,,,,,,,,,,,,,,,,,,,,,,,,,,,,,,,,,,,,,,,,,,,,,,,,259359.0,189185.0,167691.0,189185.0,189185.0,0,0,
122,C15H10O2_mfg,63.24,222.0691,5.2980013,,,,,,,,,,,,,,,,,,,,,,,,,,,,,,,,,,,,,,,,,,,,,,,,,,,,,,,,,,,,,,,,,,,,39564.0,52007.0,42058.0,42058.0,42058.0,0,0,
204,C15H12N5O3_mfg,73.47,310.092,1.3130002,,,,,,,,,,,,,,,,,,,,,,,,,,,,,,,,,,,,,,,,,,,,,,,,,,,,,,,,,,,,,,,,,,,,78134.0,108887.0,102498.0,102498.0,102498.0,0,1,181(NH4);
360,C31H50N7_mfg,76.39,520.4138,12.984004,,,,,,,,,,,,,,,,,,,,,,,,,,,,,,,,,,,,,,,,,,,,,,,,,,,,,,,,,,,,,,,,,,,,70493.0,77547.0,64800.0,70493.0,70493.0,0,0,
482,C41H28N10OS2_mfg,92.75,740.1885,5.8729978,,,,,,,,,,,,,,,,,,,,,,,,,,,,,,,,,,,,,,,,,,,,,,,,,,,,,,,,,,,,,,,,,,,,29910.0,84013.0,37168.0,37168.0,37168.0,0,0,
53,C5H8ClNO3Esi-1.2859997_mfg,98.67,165.0193,1.2859997,,,,,,,,,,,,,,,,,,,,,,,,,,,,,,,,,,,,,,,,,,,,,,,,,,,,,,,,,,,,,,,,,,,,442121.0,557036.0,577447.0,557036.0,557036.0,1,0,85(Na);
