#Compound List: 469 found,,,,,,,,,,,,,,,
#,,,,,,,,,,,,,,,
Show/Hide,Label,Mass,RT,Width,Height,Base Peak,Ions,Saturated,Algorithm,File,Volume,Precursor,Vol %,Std Dev,Score (MFE)
TRUE,Cpd 1: 6.670,194.1791,6.67,0.094,5164359,195.1864,13,S,Find by Molecular Feature,Q051320006.d,43501584,195.1864,100,0.0003,100
TRUE,Cpd 1: 6.666,194.1782,6.666,0.091,4843718,195.1853,14,S,Find by Molecular Feature,Q051320007.d,41858932,195.1853,100,0.0013,100
TRUE,Cpd 1: 6.668,194.1788,6.668,0.091,4697020,195.186,12,S,Find by Molecular Feature,Q051320008.d,41187296,195.186,100,0.0007,100
TRUE,Cpd 1: 6.672,194.1796,6.672,0.093,4098786,195.1869,14,S,Find by Molecular Feature,Q051320011.d,33307138,195.1869,100,0.0005,100
TRUE,Cpd 1: 6.669,194.1776,6.669,0.092,3750394,195.1847,13,S,Find by Molecular Feature,Q051320012.d,30454954,195.1847,100,0.0015,100
TRUE,Cpd 1: 6.673,194.1781,6.673,0.094,3594920,195.1852,12,S,Find by Molecular Feature,Q051320013.d,28252026,195.1852,100,0.0012,100
TRUE,Cpd 1: 6.670,194.1792,6.67,0.093,3488808,195.1865,12,S,Find by Molecular Feature,Q051320016.d,27669624,195.1865,100,0.0003,100
TRUE,Cpd 1: 6.673,194.1793,6.673,0.093,3848784,195.1865,11,S,Find by Molecular Feature,Q051320017.d,31323742,195.1865,100,0.0004,100
TRUE,Cpd 1: 6.675,194.1779,6.675,0.093,3723457,195.1851,11,S,Find by Molecular Feature,Q051320018.d,31431498,195.1851,100,0.0009,100
TRUE,Cpd 1: 6.668,194.1779,6.668,0.091,3923269,195.185,13,S,Find by Molecular Feature,Q051320021.d,34345068,195.185,100,0.0017,100
TRUE,Cpd 1: 6.673,194.1785,6.673,0.093,3006506,195.1856,12,S,Find by Molecular Feature,Q051320022.d,23135878,195.1856,100,0.0008,100
TRUE,Cpd 1: 6.667,194.1779,6.667,0.094,3317603,195.1851,12,S,Find by Molecular Feature,Q051320023.d,25648026,195.1851,100,0.001,100
TRUE,Cpd 1: 6.669,194.1766,6.669,0.094,2498512,195.1837,12,,Find by Molecular Feature,Q051320026.d,18054590,195.1837,100,0.0014,100
TRUE,Cpd 1: 6.672,194.178,6.672,0.094,3833122,195.1851,13,S,Find by Molecular Feature,Q051320027.d,31995320,195.1851,100,0.0013,100
TRUE,Cpd 1: 6.672,194.1768,6.672,0.099,4045223,195.1841,9,S,Find by Molecular Feature,Q051320028.d,27336706,195.1841,100,0.0011,100
TRUE,Cpd 1: 6.673,194.1784,6.673,0.097,3656952,195.1855,13,S,Find by Molecular Feature,Q051320031.d,31304704,195.1855,100,0.001,100
TRUE,Cpd 1: 6.674,194.1779,6.674,0.096,3541562,195.1851,13,S,Find by Molecular Feature,Q051320032.d,30779182,195.1851,100,0.001,100
TRUE,Cpd 1: 6.671,194.1776,6.671,0.092,2787383,195.1847,12,S,Find by Molecular Feature,Q051320033.d,20876894,195.1847,100,0.002,91.2
TRUE,Cpd 1: 6.669,194.1778,6.669,0.094,3632333,195.185,13,S,Find by Molecular Feature,Q051320036.d,30689258,195.185,100,0.0008,100
TRUE,Cpd 1: 6.666,194.1798,6.666,0.092,3425026,195.1871,12,S,Find by Molecular Feature,Q051320037.d,29467336,195.1871,100,0.0003,100
TRUE,Cpd 1: 6.668,194.178,6.668,0.095,3397912,195.185,13,S,Find by Molecular Feature,Q051320038.d,29020860,195.185,100,0.0019,100
TRUE,Cpd 1: 6.668,194.1795,6.668,0.093,3481476,195.1869,10,S,Find by Molecular Feature,Q051320041.d,28734584,195.1869,98.53,0.0012,100
TRUE,Cpd 1: 6.664,194.1784,6.664,0.095,3373056,195.1856,12,S,Find by Molecular Feature,Q051320042.d,27896902,195.1856,100,0.0008,100
TRUE,Cpd 1: 6.665,194.1782,6.665,0.096,3349102,195.1854,13,S,Find by Molecular Feature,Q051320043.d,27419930,195.1854,100,0.0007,100
TRUE,Cpd 1: 6.660,194.1783,6.66,0.096,3352926,195.1854,12,S,Find by Molecular Feature,Q051320046.d,27783504,195.1854,100,0.0011,100
TRUE,Cpd 1: 6.665,194.1773,6.665,0.092,3554171,195.1843,14,S,Find by Molecular Feature,Q051320047.d,29614482,195.1843,100,0.002,100
TRUE,Cpd 1: 6.661,194.1779,6.661,0.096,3861834,195.1851,14,S,Find by Molecular Feature,Q051320048.d,33457270,195.1851,100,0.0008,100
TRUE,Cpd 1: 6.669,194.1783,6.669,0.094,3187143,195.1855,13,S,Find by Molecular Feature,Q051320051.d,27051616,195.1855,100,0.0005,100
TRUE,Cpd 1: 6.664,194.1802,6.664,0.094,3516373,195.1877,10,S,Find by Molecular Feature,Q051320052.d,29168214,195.1877,98.46,0.0012,100
TRUE,Cpd 1: 6.668,194.1769,6.668,0.101,3557731,195.1841,10,S,Find by Molecular Feature,Q051320053.d,23945814,195.1841,100,0.0014,99.7
TRUE,Cpd 1: 6.666,194.1774,6.666,0.093,3070432,195.1844,11,S,Find by Molecular Feature,Q051320056.d,25360644,195.1844,100,0.0018,100
TRUE,Cpd 1: 6.664,194.1775,6.664,0.093,3455769,195.1846,12,S,Find by Molecular Feature,Q051320057.d,30046048,195.1846,100,0.0015,100
TRUE,Cpd 1: 6.672,194.178,6.672,0.097,3324034,195.1851,13,S,Find by Molecular Feature,Q051320058.d,29765852,195.1851,100,0.0013,100
TRUE,Cpd 1: 6.665,194.1787,6.665,0.096,2900976,195.1859,11,S,Find by Molecular Feature,Q051320061.d,24858316,195.1859,100,0.0004,100
TRUE,Cpd 1: 6.671,194.1771,6.671,0.097,3136882,195.1844,6,S,Find by Molecular Feature,Q051320062.d,20647656,195.1844,100,0.0017,98.5
TRUE,Cpd 1: 6.665,194.178,6.665,0.097,3209245,195.1852,12,S,Find by Molecular Feature,Q051320063.d,26316392,195.1852,100,0.0008,100
TRUE,Cpd 1: 6.666,194.1797,6.666,0.095,3212682,195.187,12,S,Find by Molecular Feature,Q051320066.d,27749604,195.187,100,0.0005,100
TRUE,Cpd 1: 6.669,194.1763,6.669,0.097,3287686,195.1835,5,S,Find by Molecular Feature,Q051320067.d,21614910,195.1835,100,0.002,80
TRUE,Cpd 1: 6.663,194.1761,6.663,0.101,3080385,195.1834,5,S,Find by Molecular Feature,Q051320068.d,21061974,195.1834,100,0.0015,99.9
TRUE,Cpd 1: 6.666,194.1766,6.666,0.103,3643890,195.1838,5,S,Find by Molecular Feature,Q051320071.d,24668304,195.1838,100,0.0014,100
TRUE,Cpd 1: 6.669,194.1773,6.669,0.097,3321395,195.1844,12,S,Find by Molecular Feature,Q051320072.d,28689280,195.1844,100,0.0015,100
TRUE,Cpd 1: 6.667,194.1771,6.667,0.092,3062791,195.1842,11,S,Find by Molecular Feature,Q051320073.d,25129204,195.1842,100,0.0012,100
TRUE,Cpd 1: 6.664,194.1782,6.664,0.096,3149495,195.1852,12,S,Find by Molecular Feature,Q051320076.d,27345132,195.1852,100,0.0015,100
TRUE,Cpd 1: 6.664,194.1768,6.664,0.099,3083812,195.184,13,S,Find by Molecular Feature,Q051320077.d,26851414,195.184,100,0.0011,100
TRUE,Cpd 1: 6.669,194.176,6.669,0.099,3477104,195.1832,6,S,Find by Molecular Feature,Q051320078.d,24163480,195.1832,100,0.0015,99.4
TRUE,Cpd 1: 6.666,194.1794,6.666,0.093,3246838,195.1868,11,S,Find by Molecular Feature,Q051320081.d,27659790,195.1868,100,0.0011,100
TRUE,Cpd 1: 6.663,194.1759,6.663,0.101,3278299,195.1831,5,S,Find by Molecular Feature,Q051320082.d,21410936,195.1831,100,0.0004,100
TRUE,Cpd 1: 6.672,194.1775,6.672,0.097,2986766,195.1845,12,S,Find by Molecular Feature,Q051320083.d,25546704,195.1845,100,0.0018,100
TRUE,Cpd 1: 6.671,194.177,6.671,0.098,2900352,195.1841,12,S,Find by Molecular Feature,Q051320086.d,24603600,195.1841,100,0.0013,100
TRUE,Cpd 1: 6.664,194.1765,6.664,0.103,2966559,195.1837,6,S,Find by Molecular Feature,Q051320087.d,20159278,195.1837,100,0.0012,100
TRUE,Cpd 1: 6.667,194.177,6.667,0.097,3110781,195.1841,11,S,Find by Molecular Feature,Q051320088.d,25658138,195.1841,100,0.0019,100
TRUE,Cpd 1: 6.673,194.1777,6.673,0.097,3109993,195.1848,14,S,Find by Molecular Feature,Q051320091.d,25790186,195.1848,100,0.001,100
TRUE,Cpd 1: 6.660,194.1778,6.66,0.095,3007011,195.1849,12,S,Find by Molecular Feature,Q051320092.d,24959576,195.1849,100,0.0014,100
TRUE,Cpd 1: 6.666,194.176,6.666,0.102,2976604,195.1832,6,S,Find by Molecular Feature,Q051320093.d,19890868,195.1832,100,0.0018,95.4
TRUE,Cpd 1: 6.667,194.1761,6.667,0.105,2923164,195.1833,5,S,Find by Molecular Feature,Q051320096.d,19739704,195.1833,100,0.0018,98.3
TRUE,Cpd 1: 6.661,194.1766,6.661,0.103,3087075,195.1838,5,S,Find by Molecular Feature,Q051320097.d,21420488,195.1838,100,0.0018,94.1
TRUE,Cpd 1: 6.665,194.1767,6.665,0.101,2728141,195.184,5,S,Find by Molecular Feature,Q051320098.d,19281504,195.184,100,0.0017,98.6
TRUE,Cpd 1: 6.661,194.1778,6.661,0.097,3108370,195.185,11,S,Find by Molecular Feature,Q051320101.d,25778800,195.185,100,0.0008,100
TRUE,Cpd 1: 6.670,194.1783,6.67,0.098,2965030,195.1854,12,S,Find by Molecular Feature,Q051320102.d,25167334,195.1854,100,0.0012,100
TRUE,Cpd 1: 6.662,194.1775,6.662,0.103,2981559,195.1847,8,S,Find by Molecular Feature,Q051320103.d,20156812,195.1847,100,0.0011,100
TRUE,Cpd 1: 6.662,194.1783,6.662,0.098,2854786,195.1854,13,S,Find by Molecular Feature,Q051320106.d,24582802,195.1854,100,0.0014,100
TRUE,Cpd 1: 6.665,194.1763,6.665,0.098,2850002,195.1834,11,S,Find by Molecular Feature,Q051320107.d,23953738,195.1834,100,0.0014,100
TRUE,Cpd 1: 6.663,194.1774,6.663,0.1,2986454,195.1845,12,S,Find by Molecular Feature,Q051320108.d,26829452,195.1845,100,0.0011,100
TRUE,Cpd 1: 6.669,194.1781,6.669,0.098,2938401,195.1853,12,S,Find by Molecular Feature,Q051320111.d,26068760,195.1853,100,0.0005,100
TRUE,Cpd 1: 6.662,194.179,6.662,0.095,3235431,195.1862,12,S,Find by Molecular Feature,Q051320112.d,27745596,195.1862,100,0.0002,100
TRUE,Cpd 1: 6.665,194.1763,6.665,0.101,3079767,195.1836,5,S,Find by Molecular Feature,Q051320113.d,21623462,195.1836,100,0.0009,100
TRUE,Cpd 1: 6.668,194.1775,6.668,0.097,2815346,195.1847,13,S,Find by Molecular Feature,Q051320116.d,23696908,195.1847,100,0.0011,100
TRUE,Cpd 1: 6.663,194.1792,6.663,0.095,2758990,195.1865,12,S,Find by Molecular Feature,Q051320117.d,24655924,195.1865,100,0.0006,100
TRUE,Cpd 1: 6.663,194.1797,6.663,0.096,2963314,195.1869,13,S,Find by Molecular Feature,Q051320118.d,26065872,195.1869,100,0.0004,100
TRUE,Cpd 1: 6.667,194.1791,6.667,0.096,2765831,195.1863,14,S,Find by Molecular Feature,Q051320121.d,23912884,195.1863,100,0.0007,100
TRUE,Cpd 1: 6.664,194.1786,6.664,0.099,2989929,195.1858,12,S,Find by Molecular Feature,Q051320122.d,25614398,195.1858,100,0.0004,100
TRUE,Cpd 1: 6.666,194.1788,6.666,0.1,2819205,195.1862,13,S,Find by Molecular Feature,Q051320123.d,25043764,195.1862,100,0.001,100
TRUE,Cpd 1: 6.661,194.177,6.661,0.097,2870552,195.1841,13,S,Find by Molecular Feature,Q051320126.d,25615718,195.1841,100,0.0016,100
TRUE,Cpd 1: 6.668,194.1794,6.668,0.096,2980957,195.1867,12,S,Find by Molecular Feature,Q051320127.d,25271232,195.1867,100,0.0003,100
TRUE,Cpd 1: 6.663,194.1789,6.663,0.096,2839521,195.1861,12,S,Find by Molecular Feature,Q051320128.d,24721018,195.1861,100,0.0007,100
TRUE,Cpd 1: 6.661,194.1774,6.661,0.097,2915614,195.1846,12,S,Find by Molecular Feature,Q051320131.d,25056912,195.1846,100,0.001,100
TRUE,Cpd 1: 6.665,194.1789,6.665,0.096,2916204,195.1862,12,S,Find by Molecular Feature,Q051320132.d,24779952,195.1862,100,0.0004,100
TRUE,Cpd 1: 6.664,194.1788,6.664,0.099,2907804,195.186,12,S,Find by Molecular Feature,Q051320133.d,25016558,195.186,100,0.0006,100
TRUE,Cpd 1: 6.664,194.179,6.664,0.098,2929420,195.1863,13,S,Find by Molecular Feature,Q051320136.d,25142754,195.1863,99.82,0.0004,100
TRUE,Cpd 2: 6.662,194.1756,6.662,0.103,2937410,195.1829,3,S,Find by Molecular Feature,Q051320137.d,19811642,195.1829,97.93,,100
TRUE,Cpd 1: 6.659,194.1778,6.659,0.097,2725891,195.1851,13,S,Find by Molecular Feature,Q051320138.d,24059366,195.1851,99.8,0.0007,100
TRUE,Cpd 1: 6.665,194.1771,6.665,0.1,2765857,195.1843,13,S,Find by Molecular Feature,Q051320141.d,24379920,195.1843,100,0.001,100
TRUE,Cpd 1: 6.663,194.1791,6.663,0.096,2796120,195.1863,11,S,Find by Molecular Feature,Q051320142.d,24259904,195.1863,100,0.0007,100
TRUE,Cpd 1: 6.667,194.1786,6.667,0.096,2934216,195.1858,12,S,Find by Molecular Feature,Q051320143.d,25407782,195.1858,100,0.0008,100
TRUE,Cpd 1: 6.662,194.1763,6.662,0.102,2813575,195.1835,5,S,Find by Molecular Feature,Q051320146.d,19905582,195.1835,100,0.0009,100
TRUE,Cpd 1: 6.669,194.1791,6.669,0.095,2769389,195.1865,11,S,Find by Molecular Feature,Q051320147.d,24502408,195.1865,100,0.0006,100
TRUE,Cpd 1: 6.665,194.1778,6.665,0.099,2728821,195.1849,12,S,Find by Molecular Feature,Q051320148.d,23564596,195.1849,99.72,0.0013,100
TRUE,Cpd 1: 6.666,194.1777,6.666,0.097,2672422,195.1848,11,S,Find by Molecular Feature,Q051320151.d,24017294,195.1848,100,0.0014,100
TRUE,Cpd 1: 6.663,194.1772,6.663,0.097,1688156,195.1844,10,,Find by Molecular Feature,Q051320152.d,12742198,195.1844,100,0.0013,100
TRUE,Cpd 1: 6.663,194.1784,6.663,0.1,2768365,195.1855,11,S,Find by Molecular Feature,Q051320153.d,24330512,195.1855,100,0.0011,100
TRUE,Cpd 1: 6.659,194.1767,6.659,0.099,2150090,195.1839,10,,Find by Molecular Feature,Q051320156.d,16306684,195.1839,100,0.0012,100
TRUE,Cpd 1: 6.668,194.1781,6.668,0.102,2719107,195.1853,12,S,Find by Molecular Feature,Q051320157.d,23696220,195.1853,100,0.0006,100
TRUE,Cpd 1: 6.662,194.1775,6.662,0.101,2748314,195.1847,13,S,Find by Molecular Feature,Q051320158.d,24237268,195.1847,100,0.0011,100
TRUE,Cpd 1: 6.664,194.1776,6.664,0.101,2122910,195.1848,10,,Find by Molecular Feature,Q051320161.d,16900884,195.1848,99.71,0.001,100
TRUE,Cpd 1: 6.663,194.178,6.663,0.098,2584431,195.1851,12,S,Find by Molecular Feature,Q051320162.d,23103422,195.1851,99.76,0.0014,100
TRUE,Cpd 1: 6.663,194.178,6.663,0.096,2357359,195.1851,11,,Find by Molecular Feature,Q051320163.d,19862674,195.1851,100,0.0013,100
TRUE,Cpd 1: 6.660,194.177,6.66,0.098,2694432,195.1842,13,S,Find by Molecular Feature,Q051320166.d,22760324,195.1842,99.82,0.001,100
TRUE,Cpd 1: 6.662,194.1792,6.662,0.096,2142660,195.1864,10,,Find by Molecular Feature,Q051320167.d,17614490,195.1864,100,0.0006,100
TRUE,Cpd 1: 6.664,194.1773,6.664,0.098,2646435,195.1845,12,S,Find by Molecular Feature,Q051320168.d,24133002,195.1845,100,0.001,100
TRUE,Cpd 1: 6.659,194.1784,6.659,0.097,2485110,195.1857,12,,Find by Molecular Feature,Q051320171.d,22117784,195.1857,99.76,0.0004,92.5
TRUE,Cpd 1: 6.664,194.1781,6.664,0.098,2784519,195.1852,13,S,Find by Molecular Feature,Q051320172.d,24099528,195.1852,99.79,0.0012,100
TRUE,Cpd 1: 6.670,194.1786,6.67,0.099,2588056,195.1858,12,S,Find by Molecular Feature,Q051320173.d,22557838,195.1858,100,0.0011,100
TRUE,Cpd 1: 6.660,194.1796,6.66,0.101,2723409,195.1869,13,S,Find by Molecular Feature,Q051320176.d,23084304,195.1869,100,0.0003,100
TRUE,Cpd 1: 6.666,194.178,6.666,0.098,2511882,195.1852,11,S,Find by Molecular Feature,Q051320177.d,22283508,195.1852,100,0.0012,100
TRUE,Cpd 1: 6.661,194.1775,6.661,0.097,2631391,195.1845,13,S,Find by Molecular Feature,Q051320178.d,23486054,195.1845,99.79,0.0016,100
TRUE,Cpd 1: 6.663,194.1779,6.663,0.1,2673541,195.185,12,S,Find by Molecular Feature,Q051320181.d,23094096,195.185,100,0.0013,100
TRUE,Cpd 1: 6.662,194.1768,6.662,0.103,2785420,195.184,6,S,Find by Molecular Feature,Q051320182.d,19284324,195.184,100,0.0014,100
TRUE,Cpd 1: 6.661,194.1782,6.661,0.098,2567251,195.1854,12,S,Find by Molecular Feature,Q051320183.d,23388558,195.1854,100,0.0008,100
TRUE,Cpd 1: 6.658,194.178,6.658,0.102,4251636,195.1853,12,S,Find by Molecular Feature,Q051520006.d,38050460,195.1853,100,0.0005,100
TRUE,Cpd 1: 6.652,194.1788,6.652,0.099,3879586,195.1861,12,S,Find by Molecular Feature,Q051520007.d,34685968,195.1861,100,0.0004,100
TRUE,Cpd 1: 6.662,194.1783,6.662,0.102,3842070,195.1855,12,S,Find by Molecular Feature,Q051520008.d,34290980,195.1855,100,0.0004,100
TRUE,Cpd 1: 6.662,194.1782,6.662,0.101,3681699,195.1853,13,S,Find by Molecular Feature,Q051520011.d,32635628,195.1853,100,0.0012,100
TRUE,Cpd 1: 6.654,194.1785,6.654,0.105,3737715,195.1856,13,S,Find by Molecular Feature,Q051520012.d,33916736,195.1856,100,0.0012,100
TRUE,Cpd 1: 6.660,194.178,6.66,0.102,3833815,195.1851,12,S,Find by Molecular Feature,Q051520013.d,34601456,195.1851,100,0.0014,100
TRUE,Cpd 1: 6.653,194.1775,6.653,0.1,3843164,195.1845,13,S,Find by Molecular Feature,Q051520016.d,34598392,195.1845,99.91,0.0015,100
TRUE,Cpd 1: 6.657,194.1775,6.657,0.102,3719670,195.1846,11,S,Find by Molecular Feature,Q051520017.d,33295964,195.1846,100,0.0015,100
TRUE,Cpd 1: 6.662,194.1778,6.662,0.101,3619524,195.1851,13,S,Find by Molecular Feature,Q051520018.d,33467408,195.1851,100,0.0004,100
TRUE,Cpd 1: 6.662,194.1784,6.662,0.103,3628337,195.1856,12,S,Find by Molecular Feature,Q051520021.d,33986680,195.1856,100,0.0007,100
TRUE,Cpd 1: 6.653,194.1781,6.653,0.101,3664458,195.1853,13,S,Find by Molecular Feature,Q051520022.d,33394116,195.1853,100,0.0003,100
TRUE,Cpd 1: 6.656,194.1776,6.656,0.105,3623026,195.1847,13,S,Find by Molecular Feature,Q051520023.d,34650992,195.1847,100,0.001,100
TRUE,Cpd 1: 6.655,194.1784,6.655,0.101,3459365,195.1857,13,S,Find by Molecular Feature,Q051520026.d,30637724,195.1857,100,0.0004,100
TRUE,Cpd 1: 6.658,194.178,6.658,0.1,1967630,195.1852,10,,Find by Molecular Feature,Q051520027.d,14353080,195.1852,100,0.0003,100
TRUE,Cpd 1: 6.661,194.1772,6.661,0.102,3810958,195.1843,12,S,Find by Molecular Feature,Q051520028.d,34204304,195.1843,100,0.0013,100
TRUE,Cpd 1: 6.666,194.1771,6.666,0.101,3505688,195.1842,13,S,Find by Molecular Feature,Q051520031.d,31663852,195.1842,100,0.0015,100
TRUE,Cpd 1: 6.658,194.1779,6.658,0.105,3396660,195.185,12,S,Find by Molecular Feature,Q051520032.d,30615796,195.185,100,0.0013,100
TRUE,Cpd 1: 6.655,194.178,6.655,0.105,3390613,195.1853,14,S,Find by Molecular Feature,Q051520033.d,30712874,195.1853,100,0.0004,100
TRUE,Cpd 1: 6.655,194.178,6.655,0.102,3199603,195.1851,11,S,Find by Molecular Feature,Q051520036.d,27431416,195.1851,100,0.001,100
TRUE,Cpd 1: 6.656,194.1781,6.656,0.103,3474124,195.1853,14,S,Find by Molecular Feature,Q051520037.d,31107180,195.1853,100,0.0008,100
TRUE,Cpd 1: 6.657,194.1784,6.657,0.1,3527255,195.1856,12,S,Find by Molecular Feature,Q051520038.d,31769782,195.1856,100,0.0003,100
TRUE,Cpd 1: 6.657,194.1779,6.657,0.099,3834832,195.185,13,S,Find by Molecular Feature,Q051520041.d,34915296,195.185,100,0.001,100
TRUE,Cpd 1: 6.652,194.1778,6.652,0.101,3358685,195.185,13,S,Find by Molecular Feature,Q051520042.d,30805982,195.185,100,0.0006,100
TRUE,Cpd 1: 6.655,194.1782,6.655,0.102,3462896,195.1853,12,S,Find by Molecular Feature,Q051520043.d,31542116,195.1853,100,0.0013,100
TRUE,Cpd 1: 6.654,194.1768,6.654,0.101,3394276,195.1841,5,S,Find by Molecular Feature,Q051520046.d,23141150,195.1841,100,0.0007,100
TRUE,Cpd 1: 6.661,194.1798,6.661,0.101,3595528,195.1871,12,S,Find by Molecular Feature,Q051520047.d,32281222,195.1871,100,0.0003,100
TRUE,Cpd 1: 6.649,194.1771,6.649,0.098,2934749,195.1842,11,S,Find by Molecular Feature,Q051520048.d,24254434,195.1842,100,0.0017,100
TRUE,Cpd 1: 6.653,194.1784,6.653,0.102,3237452,195.1857,14,S,Find by Molecular Feature,Q051520051.d,28613720,195.1857,100,0.0005,100
TRUE,Cpd 1: 6.652,194.1775,6.652,0.103,2855749,195.1846,11,S,Find by Molecular Feature,Q051520052.d,24584394,195.1846,100,0.0015,100
TRUE,Cpd 1: 6.659,194.1771,6.659,0.102,3372524,195.1842,13,S,Find by Molecular Feature,Q051520053.d,29369744,195.1842,100,0.0015,100
TRUE,Cpd 1: 6.657,194.1784,6.657,0.101,2755752,195.1856,12,S,Find by Molecular Feature,Q051520056.d,22922070,195.1856,100,0.0009,100
TRUE,Cpd 1: 6.658,194.1764,6.658,0.107,3410964,195.1837,8,S,Find by Molecular Feature,Q051520057.d,24739962,195.1837,100,0.0013,100
TRUE,Cpd 1: 6.656,194.1774,6.656,0.105,3151038,195.1846,9,S,Find by Molecular Feature,Q051520058.d,23689876,195.1846,100,0.0014,99.9
TRUE,Cpd 1: 6.659,194.1782,6.659,0.101,3553426,195.1855,13,S,Find by Molecular Feature,Q051520061.d,31223752,195.1855,100,0.0005,100
TRUE,Cpd 1: 6.656,194.1773,6.656,0.105,3021592,195.1846,13,S,Find by Molecular Feature,Q051520062.d,26618098,195.1846,100,0.0007,100
TRUE,Cpd 1: 6.659,194.1773,6.659,0.103,3435157,195.1845,12,S,Find by Molecular Feature,Q051520063.d,31324896,195.1845,100,0.0006,100
TRUE,Cpd 1: 6.660,194.1777,6.66,0.103,3763859,195.1849,11,S,Find by Molecular Feature,Q051520066.d,32936782,195.1849,100,0.0005,100
TRUE,Cpd 1: 6.657,194.1768,6.657,0.109,3435742,195.184,10,S,Find by Molecular Feature,Q051520067.d,25184124,195.184,100,0.0011,100
TRUE,Cpd 1: 6.653,194.1783,6.653,0.105,3439351,195.1855,12,S,Find by Molecular Feature,Q051520068.d,31842892,195.1855,100,0.0005,100
TRUE,Cpd 1: 6.656,194.1773,6.656,0.106,3398561,195.1845,9,S,Find by Molecular Feature,Q051520071.d,25147870,195.1845,100,0.001,100
TRUE,Cpd 1: 6.662,194.1779,6.662,0.106,3702514,195.1852,13,S,Find by Molecular Feature,Q051520072.d,33551020,195.1852,100,0.0006,100
TRUE,Cpd 1: 6.650,194.1766,6.65,0.104,3543818,195.1838,13,S,Find by Molecular Feature,Q051520073.d,32283102,195.1838,100,0.0011,100
TRUE,Cpd 1: 6.647,194.1776,6.647,0.101,2680749,195.1849,12,S,Find by Molecular Feature,Q051520076.d,20700124,195.1849,100,0.0006,100
TRUE,Cpd 1: 6.657,194.1765,6.657,0.104,3588739,195.1836,12,S,Find by Molecular Feature,Q051520077.d,32511284,195.1836,100,0.0011,100
TRUE,Cpd 1: 6.653,194.1765,6.653,0.103,3658640,195.1836,13,S,Find by Molecular Feature,Q051520078.d,32256934,195.1836,100,0.0017,100
TRUE,Cpd 1: 6.655,194.1783,6.655,0.101,3730865,195.1854,12,S,Find by Molecular Feature,Q051520081.d,33431312,195.1854,100,0.0015,100
TRUE,Cpd 1: 6.656,194.176,6.656,0.104,2878694,195.1832,12,S,Find by Molecular Feature,Q051520082.d,24804356,195.1832,100,0.001,100
TRUE,Cpd 1: 6.656,194.1761,6.656,0.105,3333742,195.1833,6,S,Find by Molecular Feature,Q051520083.d,24385876,195.1833,99.82,0.0012,100
TRUE,Cpd 1: 6.656,194.1778,6.656,0.103,3339285,195.185,11,S,Find by Molecular Feature,Q051520086.d,29843774,195.185,100,0.0006,100
TRUE,Cpd 1: 6.656,194.1771,6.656,0.103,2213905,195.1843,12,,Find by Molecular Feature,Q051520087.d,17339258,195.1843,100,0.0006,100
TRUE,Cpd 1: 6.661,194.1765,6.661,0.106,3486046,195.1836,13,S,Find by Molecular Feature,Q051520088.d,31847874,195.1836,100,0.0015,100
TRUE,Cpd 1: 6.650,194.1785,6.65,0.099,3687660,195.1859,13,S,Find by Molecular Feature,Q051520091.d,33059002,195.1859,100,0.0009,100
TRUE,Cpd 1: 6.658,194.1777,6.658,0.102,3464599,195.1848,13,S,Find by Molecular Feature,Q051520092.d,31165612,195.1848,100,0.0013,100
TRUE,Cpd 1: 6.660,194.1773,6.66,0.107,3324652,195.1845,14,S,Find by Molecular Feature,Q051520093.d,31192026,195.1845,100,0.0008,100
TRUE,Cpd 1: 6.656,194.178,6.656,0.105,3210881,195.1851,12,S,Find by Molecular Feature,Q051520096.d,29487082,195.1851,100,0.0013,100
TRUE,Cpd 1: 6.656,194.1777,6.656,0.106,3293114,195.185,13,S,Find by Molecular Feature,Q051520097.d,30215490,195.185,100,0.0007,100
TRUE,Cpd 1: 6.656,194.1787,6.656,0.106,3408928,195.1862,11,S,Find by Molecular Feature,Q051520098.d,30902466,195.1862,100,0.0012,100
TRUE,Cpd 1: 6.654,194.1784,6.654,0.105,3409238,195.1856,12,S,Find by Molecular Feature,Q051520101.d,31377770,195.1856,100,0.0011,100
TRUE,Cpd 1: 6.652,194.1777,6.652,0.101,2760884,195.1849,11,S,Find by Molecular Feature,Q051520102.d,22664036,195.1849,100,0.0009,100
TRUE,Cpd 1: 6.660,194.1783,6.66,0.106,3252000,195.1855,12,S,Find by Molecular Feature,Q051520103.d,29794196,195.1855,100,0.0006,100
TRUE,Cpd 1: 6.650,194.178,6.65,0.108,3076676,195.1852,8,S,Find by Molecular Feature,Q051520106.d,23010236,195.1852,100,0.0014,100
TRUE,Cpd 1: 6.650,194.1773,6.65,0.104,2388019,195.1846,10,,Find by Molecular Feature,Q051520107.d,19666428,195.1846,100,0.0004,100
TRUE,Cpd 1: 6.656,194.1776,6.656,0.105,2736713,195.1848,11,S,Find by Molecular Feature,Q051520108.d,23641130,195.1848,100,0.0013,100
TRUE,Cpd 1: 6.656,194.1785,6.656,0.105,2724456,195.1857,11,S,Find by Molecular Feature,Q051520111.d,23338284,195.1857,100,0.001,100
TRUE,Cpd 1: 6.647,194.1783,6.647,0.108,2757972,195.1857,11,S,Find by Molecular Feature,Q051520112.d,22524630,195.1857,100,0.0009,100
TRUE,Cpd 1: 6.658,194.1778,6.658,0.103,3463604,195.1851,12,S,Find by Molecular Feature,Q051520113.d,32274756,195.1851,100,0.0004,100
TRUE,Cpd 1: 6.655,194.1772,6.655,0.11,2802896,195.1844,10,S,Find by Molecular Feature,Q051520116.d,25076972,195.1844,100,0.0011,100
TRUE,Cpd 1: 6.654,194.1772,6.654,0.101,3528706,195.1843,11,S,Find by Molecular Feature,Q051520117.d,31802624,195.1843,100,0.0013,100
TRUE,Cpd 1: 6.652,194.1774,6.652,0.106,3100387,195.1845,12,S,Find by Molecular Feature,Q051520118.d,28676038,195.1845,100,0.0015,100
TRUE,Cpd 1: 6.657,194.1793,6.657,0.103,2796163,195.1866,12,S,Find by Molecular Feature,Q051520121.d,23960954,195.1866,100,0.0011,100
TRUE,Cpd 1: 6.656,194.177,6.656,0.105,2752728,195.1841,11,S,Find by Molecular Feature,Q051520122.d,24364836,195.1841,100,0.0016,100
TRUE,Cpd 1: 6.657,194.1788,6.657,0.105,3127781,195.1862,12,S,Find by Molecular Feature,Q051520123.d,29908246,195.1862,100,0.0005,100
TRUE,Cpd 1: 6.614,194.1753,6.614,0.133,3728169,195.1826,4,S,Find by Molecular Feature,Q052120006.d,30033520,195.1826,97.95,,100
TRUE,Cpd 1: 6.615,194.1759,6.615,0.128,3586474,195.1831,11,S,Find by Molecular Feature,Q052120007.d,36800968,195.1831,100,0.0016,100
TRUE,Cpd 1: 6.611,194.1774,6.611,0.127,3552135,195.1846,12,S,Find by Molecular Feature,Q052120008.d,35271540,195.1846,100,0.0011,100
TRUE,Cpd 1: 6.613,194.177,6.613,0.127,3550146,195.1842,13,S,Find by Molecular Feature,Q052120011.d,35761064,195.1842,100,0.0011,100
TRUE,Cpd 1: 6.613,194.1766,6.613,0.129,3407050,195.1837,14,S,Find by Molecular Feature,Q052120012.d,34664236,195.1837,100,0.0012,100
TRUE,Cpd 1: 6.610,194.1812,6.61,0.134,3846367,195.1884,3,S,Find by Molecular Feature,Q052120013.d,31510226,195.1884,97.93,,100
TRUE,Cpd 1: 6.615,194.1764,6.615,0.129,3472280,195.1836,12,S,Find by Molecular Feature,Q052120016.d,35105644,195.1836,100,0.0008,100
TRUE,Cpd 1: 6.609,194.1769,6.609,0.127,3418458,195.1842,10,S,Find by Molecular Feature,Q052120017.d,34248480,195.1842,98.8,0.0002,100
TRUE,Cpd 1: 6.614,194.1798,6.614,0.131,3648052,195.1871,3,S,Find by Molecular Feature,Q052120018.d,29756938,195.1871,97.91,,100
TRUE,Cpd 1: 6.609,194.1743,6.609,0.133,3516626,195.1816,3,S,Find by Molecular Feature,Q052120021.d,28815810,195.1816,97.74,,100
TRUE,Cpd 1: 6.607,194.1762,6.607,0.128,3594918,195.1835,14,S,Find by Molecular Feature,Q052120022.d,37267332,195.1835,100,0.0003,100
TRUE,Cpd 1: 6.612,194.1751,6.612,0.125,3616594,195.1822,12,S,Find by Molecular Feature,Q052120023.d,37844292,195.1822,100,0.0013,100
TRUE,Cpd 1: 6.616,194.1769,6.616,0.123,3292817,195.1843,12,S,Find by Molecular Feature,Q052120026.d,32526128,195.1843,100,0.0009,100
TRUE,Cpd 1: 6.607,194.1771,6.607,0.128,3474844,195.1845,12,S,Find by Molecular Feature,Q052120027.d,34814464,195.1845,100,0.0011,100
TRUE,Cpd 1: 6.609,194.1756,6.609,0.13,3385854,195.1829,6,S,Find by Molecular Feature,Q052120028.d,27771372,195.1829,100,0.0019,85.3
TRUE,Cpd 1: 6.611,194.1755,6.611,0.126,3267576,195.1828,13,S,Find by Molecular Feature,Q052120031.d,32495732,195.1828,100,0.0003,100
TRUE,Cpd 1: 6.608,194.1751,6.608,0.127,3244656,195.1823,14,S,Find by Molecular Feature,Q052120032.d,32234186,195.1823,100,0.0003,100
TRUE,Cpd 1: 6.610,194.1756,6.61,0.129,3180791,195.1829,12,S,Find by Molecular Feature,Q052120033.d,31021422,195.1829,100,0.0003,100
TRUE,Cpd 1: 6.604,194.1768,6.604,0.126,3383971,195.1841,12,S,Find by Molecular Feature,Q052120036.d,34097640,195.1841,100,0.0008,100
TRUE,Cpd 1: 6.612,194.1749,6.612,0.124,3693833,195.1822,13,S,Find by Molecular Feature,Q052120037.d,37209236,195.1822,100,0.0007,100
TRUE,Cpd 1: 6.610,194.1767,6.61,0.124,3278380,195.184,13,S,Find by Molecular Feature,Q052120038.d,32752998,195.184,100,0.0004,100
TRUE,Cpd 1: 6.613,194.1741,6.613,0.127,3592096,195.1813,6,S,Find by Molecular Feature,Q052120041.d,29089114,195.1813,100,0.0021,80
TRUE,Cpd 1: 6.615,194.1746,6.615,0.13,3278959,195.1819,8,S,Find by Molecular Feature,Q052120042.d,27061050,195.1819,100,0.001,100
TRUE,Cpd 1: 6.614,194.1742,6.614,0.129,3249706,195.1814,9,S,Find by Molecular Feature,Q052120043.d,26995410,195.1814,100,0.0013,100
TRUE,Cpd 1: 6.609,194.1776,6.609,0.13,3216221,195.1849,4,S,Find by Molecular Feature,Q052120046.d,25620620,195.1849,98.43,,100
TRUE,Cpd 1: 6.609,194.1764,6.609,0.128,3410112,195.1836,9,S,Find by Molecular Feature,Q052120047.d,27756892,195.1836,100,0.0009,100
TRUE,Cpd 1: 6.610,194.1766,6.61,0.12,3087952,195.1838,13,S,Find by Molecular Feature,Q052120048.d,29644688,195.1838,100,0.001,100
TRUE,Cpd 1: 6.615,194.1764,6.615,0.124,3052141,195.1835,11,S,Find by Molecular Feature,Q052120051.d,29812596,195.1835,100,0.0017,100
TRUE,Cpd 1: 6.608,194.1772,6.608,0.126,3147964,195.1844,12,S,Find by Molecular Feature,Q052120052.d,31255114,195.1844,100,0.0011,100
TRUE,Cpd 1: 6.604,194.177,6.604,0.125,3644536,195.1842,13,S,Find by Molecular Feature,Q052120053.d,36498892,195.1842,100,0.0009,100
TRUE,Cpd 1: 6.610,194.1767,6.61,0.128,2729784,195.1839,12,S,Find by Molecular Feature,Q052120056.d,27413444,195.1839,100,0.0015,100
TRUE,Cpd 1: 6.604,194.1769,6.604,0.124,3051265,195.1841,11,S,Find by Molecular Feature,Q052120057.d,29153534,195.1841,100,0.0013,100
TRUE,Cpd 1: 6.609,194.1771,6.609,0.13,2950341,195.1843,7,S,Find by Molecular Feature,Q052120058.d,24240868,195.1843,100,0.0008,100
TRUE,Cpd 1: 6.609,194.1771,6.609,0.121,3390458,195.1843,12,S,Find by Molecular Feature,Q052120061.d,32842718,195.1843,100,0.0009,100
TRUE,Cpd 1: 6.609,194.177,6.609,0.127,2882620,195.1842,12,S,Find by Molecular Feature,Q052120062.d,27809266,195.1842,100,0.001,100
TRUE,Cpd 1: 6.612,194.1774,6.612,0.124,2926649,195.1847,12,S,Find by Molecular Feature,Q052120063.d,28532104,195.1847,100,0.0007,100
TRUE,Cpd 1: 6.609,194.1761,6.609,0.13,3126739,195.1834,6,S,Find by Molecular Feature,Q052120066.d,25058354,195.1834,100,0.0013,100
TRUE,Cpd 1: 6.608,194.1765,6.608,0.132,3214122,195.1838,7,S,Find by Molecular Feature,Q052120067.d,25377556,195.1838,100,0,100
TRUE,Cpd 1: 6.612,194.1772,6.612,0.119,3408808,195.1844,12,S,Find by Molecular Feature,Q052120068.d,33752688,195.1844,100,0.0011,100
TRUE,Cpd 1: 6.610,194.1776,6.61,0.125,3140656,195.1848,14,S,Find by Molecular Feature,Q052120071.d,30820284,195.1848,100,0.0008,100
TRUE,Cpd 1: 6.604,194.1761,6.604,0.128,3417167,195.1833,6,S,Find by Molecular Feature,Q052120072.d,27653730,195.1833,100,0.001,100
TRUE,Cpd 1: 6.613,194.1762,6.613,0.128,3656008,195.1835,10,S,Find by Molecular Feature,Q052120073.d,30825492,195.1835,100,0.0008,100
TRUE,Cpd 1: 6.608,194.1769,6.608,0.124,3618075,195.184,13,S,Find by Molecular Feature,Q052120076.d,37125752,195.184,100,0.0016,100
TRUE,Cpd 1: 6.611,194.1781,6.611,0.123,3208470,195.1853,13,S,Find by Molecular Feature,Q052120077.d,32110160,195.1853,100,0.0008,100
TRUE,Cpd 1: 6.614,194.1782,6.614,0.126,3575403,195.1854,14,S,Find by Molecular Feature,Q052120078.d,35980780,195.1854,100,0.0006,100
TRUE,Cpd 1: 6.611,194.1764,6.611,0.121,3480903,195.1835,14,S,Find by Molecular Feature,Q052120081.d,34511124,195.1835,100,0.0015,100
TRUE,Cpd 1: 6.620,194.1775,6.62,0.123,3363496,195.1848,13,S,Find by Molecular Feature,Q052120082.d,33288902,195.1848,100,0.001,100
TRUE,Cpd 1: 6.606,194.1767,6.606,0.131,3239925,195.1839,9,S,Find by Molecular Feature,Q052120083.d,27065086,195.1839,100,0.001,100
TRUE,Cpd 1: 6.610,194.1772,6.61,0.129,3184195,195.1844,6,S,Find by Molecular Feature,Q052120086.d,24630994,195.1844,100,0.0009,100
TRUE,Cpd 1: 6.603,194.1773,6.603,0.121,3143253,195.1844,13,S,Find by Molecular Feature,Q052120087.d,29657326,195.1844,100,0.0013,100
TRUE,Cpd 1: 6.610,194.1766,6.61,0.127,3008052,195.1839,10,S,Find by Molecular Feature,Q052120088.d,24882354,195.1839,100,0.0007,100
TRUE,Cpd 1: 6.608,194.1769,6.608,0.124,3094339,195.1842,9,S,Find by Molecular Feature,Q052120091.d,24973168,195.1842,100,0.0008,100
TRUE,Cpd 1: 6.609,194.1781,6.609,0.124,3029279,195.1853,12,S,Find by Molecular Feature,Q052120092.d,30405922,195.1853,100,0.0005,100
TRUE,Cpd 1: 6.614,194.1781,6.614,0.124,3001359,195.1854,13,S,Find by Molecular Feature,Q052120093.d,30234510,195.1854,100,0.0007,100
TRUE,Cpd 1: 6.607,194.177,6.607,0.124,3552387,195.1842,13,S,Find by Molecular Feature,Q052120096.d,35253700,195.1842,100,0.001,100
TRUE,Cpd 1: 6.610,194.1782,6.61,0.124,3081120,195.1854,13,S,Find by Molecular Feature,Q052120097.d,30478408,195.1854,100,0.0007,100
TRUE,Cpd 1: 6.606,194.1768,6.606,0.123,3222577,195.184,13,S,Find by Molecular Feature,Q052120098.d,31464732,195.184,100,0.0013,100
TRUE,Cpd 1: 6.621,194.1778,6.621,0.136,2674581,195.1851,13,S,Find by Molecular Feature,Q052120101.d,30752782,195.1851,100,0.0004,100
TRUE,Cpd 1: 6.612,194.178,6.612,0.136,2686295,195.1853,11,S,Find by Molecular Feature,Q052120102.d,30448184,195.1853,100,0.0003,100
TRUE,Cpd 1: 6.608,194.178,6.608,0.138,2525570,195.1852,12,S,Find by Molecular Feature,Q052120103.d,27661288,195.1852,100,0.0005,100
TRUE,Cpd 1: 6.618,194.1778,6.618,0.134,2795781,195.1851,12,S,Find by Molecular Feature,Q052120106.d,29253256,195.1851,100,0.0004,100
TRUE,Cpd 1: 6.615,194.1778,6.615,0.135,2783462,195.1851,10,S,Find by Molecular Feature,Q052120107.d,28353286,195.1851,100,0.0003,100
TRUE,Cpd 1: 6.622,194.1775,6.622,0.133,2763138,195.1848,12,S,Find by Molecular Feature,Q052120108.d,28310870,195.1848,100,0.0006,100
TRUE,Cpd 1: 6.616,194.1776,6.616,0.137,2801110,195.1848,12,S,Find by Molecular Feature,Q052120111.d,29222992,195.1848,100,0.0007,100
TRUE,Cpd 1: 6.618,194.1779,6.618,0.133,2649226,195.1853,13,S,Find by Molecular Feature,Q052120112.d,27329396,195.1853,100,0.0005,100
TRUE,Cpd 1: 6.620,194.1766,6.62,0.133,2813228,195.1838,13,S,Find by Molecular Feature,Q052120113.d,29671932,195.1838,100,0.0007,100
TRUE,Cpd 1: 6.616,194.1788,6.616,0.132,2622416,195.1861,10,S,Find by Molecular Feature,Q052120116.d,26781102,195.1861,100,0.0002,100
TRUE,Cpd 1: 6.621,194.1762,6.621,0.141,2677802,195.1835,6,S,Find by Molecular Feature,Q052120117.d,23036178,195.1835,100,0.0014,100
TRUE,Cpd 1: 6.619,194.1771,6.619,0.134,2992207,195.1845,13,S,Find by Molecular Feature,Q052120118.d,32616460,195.1845,100,0.0012,100
TRUE,Cpd 1: 6.617,194.1763,6.617,0.133,2781279,195.1834,14,S,Find by Molecular Feature,Q052120121.d,29018292,195.1834,100,0.0016,100
TRUE,Cpd 1: 6.622,194.1782,6.622,0.135,2798468,195.1855,13,S,Find by Molecular Feature,Q052120122.d,29690258,195.1855,100,0.0003,100
TRUE,Cpd 1: 6.616,194.1765,6.616,0.135,2863918,195.1836,10,S,Find by Molecular Feature,Q052120123.d,29958164,195.1836,99.73,0.0016,100
TRUE,Cpd 1: 6.620,194.178,6.62,0.134,2928192,195.1852,13,S,Find by Molecular Feature,Q052120126.d,30873832,195.1852,100,0.0006,100
TRUE,Cpd 1: 6.618,194.1777,6.618,0.137,2785649,195.185,13,S,Find by Molecular Feature,Q052120127.d,28990466,195.185,100,0.0006,100
TRUE,Cpd 1: 6.621,194.1781,6.621,0.132,2773554,195.1854,13,S,Find by Molecular Feature,Q052120128.d,29024158,195.1854,99.81,0.0003,100
TRUE,Cpd 1: 6.618,194.1776,6.618,0.133,2788144,195.1848,13,S,Find by Molecular Feature,Q052120131.d,29167388,195.1848,100,0.001,100
TRUE,Cpd 1: 6.618,194.1776,6.618,0.136,3000565,195.1848,13,S,Find by Molecular Feature,Q052120132.d,31825348,195.1848,100,0.0009,100
TRUE,Cpd 1: 6.615,194.1787,6.615,0.135,2920011,195.1862,10,S,Find by Molecular Feature,Q052120133.d,31192640,195.1862,100,0.0017,84
TRUE,Cpd 1: 6.617,194.1787,6.617,0.137,2934832,195.1861,10,S,Find by Molecular Feature,Q052120136.d,30910022,195.1861,100,0.0014,100
TRUE,Cpd 1: 6.614,194.1765,6.614,0.134,2815457,195.1838,14,S,Find by Molecular Feature,Q052120137.d,29907458,195.1838,100,0.0006,100
TRUE,Cpd 1: 6.613,194.1786,6.613,0.133,2980757,195.186,13,S,Find by Molecular Feature,Q052120138.d,32464016,195.186,99.85,0.0006,100
TRUE,Cpd 1: 6.618,194.1762,6.618,0.131,2681860,195.1834,12,S,Find by Molecular Feature,Q052120141.d,28401074,195.1834,99.79,0.0005,100
TRUE,Cpd 1: 6.620,194.178,6.62,0.134,2318924,195.1853,10,,Find by Molecular Feature,Q052120142.d,23471636,195.1853,100,0.0002,100
TRUE,Cpd 1: 6.611,194.1777,6.611,0.133,2904584,195.185,13,S,Find by Molecular Feature,Q052120143.d,31677968,195.185,100,0.0004,100
TRUE,Cpd 1: 6.619,194.1781,6.619,0.137,2625198,195.1854,14,S,Find by Molecular Feature,Q052120146.d,27563998,195.1854,99.79,0.0003,100
TRUE,Cpd 1: 6.620,194.1768,6.62,0.136,2770388,195.184,12,S,Find by Molecular Feature,Q052120147.d,28806280,195.184,100,0.0004,100
TRUE,Cpd 1: 6.613,194.177,6.613,0.138,2585213,195.1842,12,S,Find by Molecular Feature,Q052120148.d,27039700,195.1842,100,0.0005,100
TRUE,Cpd 1: 6.622,194.1773,6.622,0.135,2638951,195.1845,13,S,Find by Molecular Feature,Q052120151.d,27834790,195.1845,99.71,0.0005,100
TRUE,Cpd 1: 6.616,194.1764,6.616,0.136,3100182,195.1836,13,S,Find by Molecular Feature,Q052120152.d,33653368,195.1836,99.8,0.0009,100
TRUE,Cpd 1: 6.619,194.1775,6.619,0.133,2588382,195.1848,14,S,Find by Molecular Feature,Q052120153.d,26783314,195.1848,100,0.0004,100
TRUE,Cpd 1: 6.619,194.1775,6.619,0.138,3152128,195.1847,13,S,Find by Molecular Feature,Q052120156.d,34452964,195.1847,100,0.0009,100
TRUE,Cpd 1: 6.616,194.1784,6.616,0.134,2730402,195.1857,13,S,Find by Molecular Feature,Q052120157.d,28767366,195.1857,100,0.0004,100
TRUE,Cpd 1: 6.613,194.1777,6.613,0.133,2897890,195.1849,14,S,Find by Molecular Feature,Q052120158.d,31225422,195.1849,100,0.0009,100
TRUE,Cpd 1: 6.613,194.178,6.613,0.138,2874435,195.1853,13,S,Find by Molecular Feature,Q052120161.d,30138750,195.1853,100,0.0005,100
TRUE,Cpd 1: 6.616,194.1767,6.616,0.134,2780859,195.1839,12,S,Find by Molecular Feature,Q052120162.d,28901706,195.1839,100,0.0006,100
TRUE,Cpd 1: 6.615,194.1775,6.615,0.134,2700768,195.1848,13,S,Find by Molecular Feature,Q052120163.d,28991620,195.1848,99.83,0.0004,100
TRUE,Cpd 1: 6.618,194.1775,6.618,0.14,2622408,195.1849,12,S,Find by Molecular Feature,Q052120166.d,27079926,195.1849,99.82,0.0009,100
TRUE,Cpd 1: 6.612,194.1774,6.612,0.139,2586973,195.1847,12,S,Find by Molecular Feature,Q052120167.d,26500788,195.1847,100,0.0005,100
TRUE,Cpd 1: 6.612,194.1767,6.612,0.138,2736438,195.184,12,S,Find by Molecular Feature,Q052120168.d,28611464,195.184,100,0.0005,100
TRUE,Cpd 1: 6.613,194.1776,6.613,0.139,2595976,195.1848,11,S,Find by Molecular Feature,Q052120171.d,27405188,195.1848,100,0.0003,100
TRUE,Cpd 1: 6.619,194.1786,6.619,0.132,2751908,195.1858,12,S,Find by Molecular Feature,Q052120172.d,29014400,195.1858,100,0.0004,100
TRUE,Cpd 1: 6.611,194.1769,6.611,0.135,2961940,195.1842,11,S,Find by Molecular Feature,Q052120173.d,31703540,195.1842,100,0.0005,100
TRUE,Cpd 1: 6.617,194.178,6.617,0.139,2745703,195.1853,12,S,Find by Molecular Feature,Q052120176.d,28701502,195.1853,100,0.0006,100
TRUE,Cpd 1: 6.614,194.1771,6.614,0.137,2701153,195.1844,8,S,Find by Molecular Feature,Q052120177.d,23147374,195.1844,100,0.001,100
TRUE,Cpd 1: 6.620,194.1775,6.62,0.134,3055670,195.1847,12,S,Find by Molecular Feature,Q052120178.d,33433284,195.1847,100,0.0004,100
TRUE,Cpd 1: 6.611,194.1787,6.611,0.136,2530808,195.1861,10,S,Find by Molecular Feature,Q052120181.d,26466938,195.1861,100,0.0017,100
TRUE,Cpd 1: 6.616,194.1777,6.616,0.138,2683134,195.185,12,S,Find by Molecular Feature,Q052120182.d,27565770,195.185,100,0.0005,100
TRUE,Cpd 1: 6.609,194.1783,6.609,0.135,2705315,195.1857,12,S,Find by Molecular Feature,Q052120183.d,28430832,195.1857,100,0.0009,100
TRUE,Cpd 1: 6.620,194.1783,6.62,0.134,2238001,195.1855,11,,Find by Molecular Feature,Q052620006.d,22369772,195.1855,100,0.0002,100
TRUE,Cpd 1: 6.624,194.1777,6.624,0.138,2744099,195.1849,13,S,Find by Molecular Feature,Q052620007.d,28517354,195.1849,99.55,0.0009,100
TRUE,Cpd 1: 6.622,194.1783,6.622,0.135,2284220,195.1855,11,,Find by Molecular Feature,Q052620008.d,22451410,195.1855,100,0.0005,100
TRUE,Cpd 1: 6.625,194.1775,6.625,0.14,1881210,195.1847,11,,Find by Molecular Feature,Q052620011.d,18364816,195.1847,100,0.0006,100
TRUE,Cpd 1: 6.622,194.1769,6.622,0.14,2010503,195.1842,12,,Find by Molecular Feature,Q052620012.d,19773408,195.1842,100,0.0004,100
TRUE,Cpd 1: 6.621,194.1771,6.621,0.134,1778898,195.1843,11,,Find by Molecular Feature,Q052620013.d,16481538,195.1843,100,0.0004,100
TRUE,Cpd 1: 6.622,194.1768,6.622,0.139,2378432,195.1841,11,,Find by Molecular Feature,Q052620016.d,24217674,195.1841,100,0.0005,100
TRUE,Cpd 1: 6.622,194.1767,6.622,0.139,2157989,195.184,11,,Find by Molecular Feature,Q052620017.d,21425910,195.184,100,0.0004,100
TRUE,Cpd 1: 6.620,194.1774,6.62,0.14,2455707,195.1846,13,,Find by Molecular Feature,Q052620018.d,25788588,195.1846,100,0.0005,100
TRUE,Cpd 1: 6.627,194.177,6.627,0.139,2795262,195.1842,12,S,Find by Molecular Feature,Q052620021.d,29465940,195.1842,100,0.0007,100
TRUE,Cpd 1: 6.621,194.1773,6.621,0.142,2812810,195.1845,12,S,Find by Molecular Feature,Q052620022.d,30691494,195.1845,100,0.0006,100
TRUE,Cpd 1: 6.619,194.1763,6.619,0.14,2121894,195.1836,10,,Find by Molecular Feature,Q052620023.d,21054412,195.1836,100,0.0004,100
TRUE,Cpd 1: 6.621,194.178,6.621,0.14,2503847,195.1852,11,,Find by Molecular Feature,Q052620026.d,24900674,195.1852,100,0.001,100
TRUE,Cpd 1: 6.619,194.1778,6.619,0.137,2552936,195.1851,12,S,Find by Molecular Feature,Q052620027.d,26817946,195.1851,100,0.0005,100
TRUE,Cpd 1: 6.621,194.1768,6.621,0.141,2583741,195.184,13,S,Find by Molecular Feature,Q052620028.d,26876614,195.184,100,0.0009,100
TRUE,Cpd 1: 6.620,194.1767,6.62,0.135,2680918,195.1839,13,S,Find by Molecular Feature,Q052620031.d,27807274,195.1839,100,0.0007,100
TRUE,Cpd 1: 6.618,194.1767,6.618,0.135,2575552,195.1839,11,S,Find by Molecular Feature,Q052620032.d,26645692,195.1839,100,0.0009,100
TRUE,Cpd 1: 6.624,194.177,6.624,0.139,2522668,195.1842,11,S,Find by Molecular Feature,Q052620033.d,26464944,195.1842,100,0.0004,100
TRUE,Cpd 1: 6.619,194.1775,6.619,0.141,2631340,195.1848,13,S,Find by Molecular Feature,Q052620036.d,27797776,195.1848,100,0.0005,100
TRUE,Cpd 1: 6.622,194.1767,6.622,0.137,2583751,195.1839,11,S,Find by Molecular Feature,Q052620037.d,27283074,195.1839,100,0.0013,100
TRUE,Cpd 1: 6.622,194.1771,6.622,0.137,2572919,195.1843,11,S,Find by Molecular Feature,Q052620038.d,27169416,195.1843,100,0.0008,100
TRUE,Cpd 1: 6.619,194.1774,6.619,0.135,2705884,195.1847,12,S,Find by Molecular Feature,Q052620041.d,28220600,195.1847,100,0.0004,100
TRUE,Cpd 1: 6.614,194.1766,6.614,0.136,2485830,195.1838,11,,Find by Molecular Feature,Q052620042.d,25762162,195.1838,100,0.0004,100
TRUE,Cpd 1: 6.624,194.1771,6.624,0.141,2639029,195.1843,13,S,Find by Molecular Feature,Q052620043.d,27613982,195.1843,100,0.0004,100
TRUE,Cpd 1: 6.618,194.1758,6.618,0.143,2108224,195.183,11,,Find by Molecular Feature,Q052620046.d,20816076,195.183,100,0.0005,100
TRUE,Cpd 1: 6.621,194.176,6.621,0.142,2102708,195.1832,11,,Find by Molecular Feature,Q052620047.d,20276798,195.1832,100,0.0004,100
TRUE,Cpd 1: 6.619,194.1777,6.619,0.141,2655559,195.1849,11,S,Find by Molecular Feature,Q052620048.d,27577284,195.1849,100,0.0008,100
TRUE,Cpd 1: 6.620,194.1768,6.62,0.135,2207802,195.1841,11,,Find by Molecular Feature,Q052620051.d,21764892,195.1841,100,0.0006,100
TRUE,Cpd 1: 6.622,194.176,6.622,0.142,2144727,195.1833,10,,Find by Molecular Feature,Q052620052.d,21419804,195.1833,100,0.0006,100
TRUE,Cpd 1: 6.623,194.176,6.623,0.138,2200076,195.1832,10,,Find by Molecular Feature,Q052620053.d,21528382,195.1832,100,0.0006,100
TRUE,Cpd 1: 6.621,194.1762,6.621,0.146,2644608,195.1834,8,S,Find by Molecular Feature,Q052620056.d,22958996,195.1834,100,0.0008,100
TRUE,Cpd 1: 6.618,194.1762,6.618,0.142,1840047,195.1835,10,,Find by Molecular Feature,Q052620057.d,17452828,195.1835,100,0.0003,100
TRUE,Cpd 1: 6.618,194.1767,6.618,0.138,2282022,195.1839,12,,Find by Molecular Feature,Q052620058.d,22538594,195.1839,100,0.0007,100
TRUE,Cpd 1: 6.622,194.1762,6.622,0.137,2446366,195.1835,11,,Find by Molecular Feature,Q052620061.d,25124182,195.1835,100,0.0006,100
TRUE,Cpd 1: 6.615,194.177,6.615,0.14,2087369,195.1842,11,,Find by Molecular Feature,Q052620062.d,20626676,195.1842,100,0.001,100
TRUE,Cpd 1: 6.614,194.1769,6.614,0.138,2452105,195.1841,11,,Find by Molecular Feature,Q052620063.d,25071650,195.1841,99.55,0.0008,100
TRUE,Cpd 1: 6.621,194.1773,6.621,0.136,2694186,195.1846,12,S,Find by Molecular Feature,Q052620066.d,27697428,195.1846,100,0.0003,100
TRUE,Cpd 1: 6.614,194.1766,6.614,0.139,2172690,195.1839,11,,Find by Molecular Feature,Q052620067.d,21699600,195.1839,100,0.0005,100
TRUE,Cpd 1: 6.619,194.1765,6.619,0.14,2626832,195.1837,13,S,Find by Molecular Feature,Q052620068.d,27050310,195.1837,100,0.0011,100
TRUE,Cpd 1: 6.619,194.1781,6.619,0.139,1934225,195.1853,11,,Find by Molecular Feature,Q052620071.d,18746692,195.1853,100,0.0005,100
TRUE,Cpd 1: 6.614,194.1776,6.614,0.127,1657339,195.1849,11,,Find by Molecular Feature,Q052620072.d,15008068,195.1849,100,0.0005,100
TRUE,Cpd 1: 6.619,194.1764,6.619,0.136,1888775,195.1837,11,,Find by Molecular Feature,Q052620073.d,17807136,195.1837,100,0.0004,100
TRUE,Cpd 1: 6.620,194.1761,6.62,0.135,1761832,195.1834,11,,Find by Molecular Feature,Q052620076.d,16776440,195.1834,100,0.0006,100
TRUE,Cpd 1: 6.623,194.1773,6.623,0.14,2460297,195.1845,13,,Find by Molecular Feature,Q052620077.d,25760864,195.1845,100,0.0006,100
TRUE,Cpd 1: 6.619,194.1785,6.619,0.14,2560486,195.1858,12,S,Find by Molecular Feature,Q052620078.d,26466230,195.1858,100,0.0005,100
TRUE,Cpd 1: 6.613,194.1763,6.613,0.141,1894768,195.1836,12,,Find by Molecular Feature,Q052620081.d,18232134,195.1836,100,0.0002,100
TRUE,Cpd 1: 6.618,194.177,6.618,0.134,1997456,195.1843,11,,Find by Molecular Feature,Q052620082.d,19415816,195.1843,99.65,0.0004,100
TRUE,Cpd 1: 6.612,194.177,6.612,0.141,1683017,195.1843,11,,Find by Molecular Feature,Q052620083.d,15687312,195.1843,100,0.0004,100
TRUE,Cpd 1: 6.617,194.1767,6.617,0.141,2166122,195.1839,11,,Find by Molecular Feature,Q052620086.d,21330066,195.1839,100,0.0004,100
TRUE,Cpd 1: 6.618,194.1773,6.618,0.136,2561878,195.1845,10,S,Find by Molecular Feature,Q052620087.d,26895028,195.1845,100,0.0008,100
TRUE,Cpd 1: 6.620,194.1766,6.62,0.137,2512982,195.1839,13,S,Find by Molecular Feature,Q052620088.d,26159930,195.1839,100,0.0005,100
TRUE,Cpd 1: 6.614,194.177,6.614,0.141,2422785,195.1842,12,,Find by Molecular Feature,Q052620091.d,24753156,195.1842,100,0.0007,100
TRUE,Cpd 1: 6.620,194.1777,6.62,0.122,2065034,195.1849,11,,Find by Molecular Feature,Q052620092.d,19376864,195.1849,100,0.0004,100
TRUE,Cpd 1: 6.616,194.1779,6.616,0.137,2482473,195.1851,12,,Find by Molecular Feature,Q052620093.d,25815370,195.1851,100,0.0006,100
TRUE,Cpd 1: 6.621,194.1776,6.621,0.137,2528579,195.1848,13,S,Find by Molecular Feature,Q052620096.d,26056464,195.1848,100,0.0005,100
TRUE,Cpd 1: 6.616,194.1769,6.616,0.142,2418790,195.1841,12,,Find by Molecular Feature,Q052620097.d,25557664,195.1841,100,0.0005,100
TRUE,Cpd 1: 6.623,194.1768,6.623,0.14,2338485,195.184,11,,Find by Molecular Feature,Q052620098.d,23742998,195.184,100,0.0004,100
TRUE,Cpd 1: 6.620,194.1769,6.62,0.136,2440264,195.1841,10,,Find by Molecular Feature,Q052620101.d,25416700,195.1841,100,0.0005,100
TRUE,Cpd 1: 6.616,194.1765,6.616,0.144,2408751,195.1837,12,,Find by Molecular Feature,Q052620102.d,25095468,195.1837,100,0.0008,100
TRUE,Cpd 1: 6.623,194.1774,6.623,0.142,2308452,195.1846,11,,Find by Molecular Feature,Q052620103.d,24038240,195.1846,100,0.0006,100
TRUE,Cpd 1: 6.617,194.1769,6.617,0.14,2503161,195.1841,12,,Find by Molecular Feature,Q052620106.d,26292482,195.1841,100,0.0006,100
TRUE,Cpd 1: 6.621,194.1782,6.621,0.139,2414113,195.1855,11,,Find by Molecular Feature,Q052620107.d,25255720,195.1855,100,0.0004,100
TRUE,Cpd 1: 6.612,194.1768,6.612,0.143,2252680,195.184,11,,Find by Molecular Feature,Q052620108.d,22196218,195.184,100,0.0006,100
TRUE,Cpd 1: 6.620,194.1763,6.62,0.137,2240865,195.1835,12,,Find by Molecular Feature,Q052620111.d,22786382,195.1835,100,0.0006,100
TRUE,Cpd 1: 6.621,194.1777,6.621,0.137,2177499,195.1849,11,,Find by Molecular Feature,Q052620112.d,21910966,195.1849,100,0.0006,100
TRUE,Cpd 1: 6.623,194.1773,6.623,0.14,2209711,195.1846,12,,Find by Molecular Feature,Q052620113.d,22525946,195.1846,100,0.0007,100
TRUE,Cpd 1: 6.625,194.1773,6.625,0.144,2292039,195.1845,12,,Find by Molecular Feature,Q052620116.d,23262746,195.1845,100,0.0005,100
TRUE,Cpd 1: 6.623,194.1772,6.623,0.137,2244092,195.1844,11,,Find by Molecular Feature,Q052620117.d,22588114,195.1844,100,0.0006,100
TRUE,Cpd 1: 6.613,194.1773,6.613,0.136,2127760,195.1845,10,,Find by Molecular Feature,Q052620118.d,21634600,195.1845,100,0.0005,100
TRUE,Cpd 1: 6.615,194.1765,6.615,0.135,2324079,195.1837,12,,Find by Molecular Feature,Q052620121.d,23759232,195.1837,100,0.0008,100
TRUE,Cpd 1: 6.619,194.1768,6.619,0.137,2390854,195.1841,12,,Find by Molecular Feature,Q052620122.d,24597686,195.1841,100,0.0004,100
TRUE,Cpd 1: 6.619,194.177,6.619,0.142,2492663,195.1842,11,,Find by Molecular Feature,Q052620123.d,26071728,195.1842,100,0.0007,100
TRUE,Cpd 1: 6.623,194.1774,6.623,0.14,2113536,195.1846,12,,Find by Molecular Feature,Q052620126.d,20916786,195.1846,100,0.0004,100
TRUE,Cpd 1: 6.624,194.1759,6.624,0.141,1944355,195.1832,11,,Find by Molecular Feature,Q052620127.d,18912424,195.1832,100,0.0005,100
TRUE,Cpd 1: 6.618,194.1766,6.618,0.136,2134921,195.1839,12,,Find by Molecular Feature,Q052620128.d,21075758,195.1839,100,0.0005,100
TRUE,Cpd 1: 6.622,194.1767,6.622,0.141,1646326,195.1839,10,,Find by Molecular Feature,Q052620131.d,15800461,195.1839,100,0.0006,100
TRUE,Cpd 1: 6.618,194.1768,6.618,0.137,1789595,195.1841,10,,Find by Molecular Feature,Q052620132.d,16921624,195.1841,100,0.0004,100
TRUE,Cpd 1: 6.614,194.1764,6.614,0.097,1589803,195.1837,10,,Find by Molecular Feature,Q052620133.d,12944996,195.1837,100,0.0003,100
TRUE,Cpd 1: 6.619,194.176,6.619,0.137,1459179,195.1833,11,,Find by Molecular Feature,Q052620136.d,13664970,195.1833,100,0.0005,100
TRUE,Cpd 1: 6.615,194.1764,6.615,0.14,1743418,195.1837,11,,Find by Molecular Feature,Q052620137.d,16525312,195.1837,100,0.0005,100
TRUE,Cpd 1: 6.617,194.1762,6.617,0.136,1538229,195.1835,10,,Find by Molecular Feature,Q052620138.d,14233188,195.1835,100,0.0004,100
TRUE,Cpd 1: 6.618,194.1761,6.618,0.14,1398342,195.1834,11,,Find by Molecular Feature,Q052620141.d,12762610,195.1834,100,0.0006,100
TRUE,Cpd 1: 6.620,194.1768,6.62,0.139,1473593,195.1841,11,,Find by Molecular Feature,Q052620142.d,13876263,195.1841,100,0.0004,100
TRUE,Cpd 1: 6.615,194.1772,6.615,0.137,1437368,195.1844,10,,Find by Molecular Feature,Q052620143.d,13284179,195.1844,100,0.0004,100
TRUE,Cpd 1: 6.618,194.1773,6.618,0.143,1604705,195.1845,10,,Find by Molecular Feature,Q052620146.d,15264860,195.1845,100,0.0008,100
TRUE,Cpd 1: 6.616,194.177,6.616,0.141,1608479,195.1843,11,,Find by Molecular Feature,Q052620147.d,15080440,195.1843,100,0.0005,100
TRUE,Cpd 1: 6.613,194.1766,6.613,0.143,1859864,195.1838,12,,Find by Molecular Feature,Q052620148.d,18080494,195.1838,100,0.0006,100
TRUE,Cpd 1: 6.616,194.1774,6.616,0.14,2489015,195.1847,12,,Find by Molecular Feature,Q052620151.d,26007516,195.1847,99.7,0.0006,100
TRUE,Cpd 1: 6.621,194.1772,6.621,0.141,2032115,195.1845,11,,Find by Molecular Feature,Q052620152.d,19632146,195.1845,100,0.0008,100
TRUE,Cpd 1: 6.616,194.1765,6.616,0.141,1910992,195.1838,10,,Find by Molecular Feature,Q052620153.d,18963882,195.1838,99.63,0.0007,100
TRUE,Cpd 1: 6.619,194.1762,6.619,0.143,2074949,195.1834,10,,Find by Molecular Feature,Q052620156.d,21043074,195.1834,100,0.0005,100
TRUE,Cpd 1: 6.613,194.1773,6.613,0.14,2127302,195.1846,12,,Find by Molecular Feature,Q052620157.d,20626778,195.1846,100,0.0008,100
TRUE,Cpd 1: 6.620,194.1772,6.62,0.14,2258226,195.1845,11,,Find by Molecular Feature,Q052620158.d,22922340,195.1845,100,0.0003,100
TRUE,Cpd 1: 6.616,194.1786,6.616,0.142,2587748,195.1858,12,S,Find by Molecular Feature,Q052620161.d,27145544,195.1858,100,0.0007,100
TRUE,Cpd 1: 6.617,194.1764,6.617,0.137,1937019,195.1837,12,,Find by Molecular Feature,Q052620162.d,19103794,195.1837,100,0.0007,100
TRUE,Cpd 1: 6.627,194.1765,6.627,0.137,1744591,195.1838,10,,Find by Molecular Feature,Q052620163.d,16618770,195.1838,100,0.0007,100
TRUE,Cpd 1: 6.615,194.1768,6.615,0.137,2151116,195.1841,11,,Find by Molecular Feature,Q052620166.d,21499112,195.1841,100,0.0006,100
TRUE,Cpd 1: 6.613,194.1766,6.613,0.142,1934151,195.1838,11,,Find by Molecular Feature,Q052620167.d,18728570,195.1838,100,0.0008,100
TRUE,Cpd 1: 6.618,194.1771,6.618,0.138,2374524,195.1844,11,,Find by Molecular Feature,Q052620168.d,24066202,195.1844,100,0.0005,100
TRUE,Cpd 1: 6.618,194.1767,6.618,0.143,2180912,195.184,10,,Find by Molecular Feature,Q052620171.d,22488530,195.184,100,0.0004,100
TRUE,Cpd 1: 6.622,194.1767,6.622,0.139,2404549,195.1839,11,,Find by Molecular Feature,Q052620172.d,24929626,195.1839,99.79,0.001,100
TRUE,Cpd 1: 6.620,194.177,6.62,0.139,1865003,195.1843,11,,Find by Molecular Feature,Q052620173.d,18241442,195.1843,100,0.0005,100
TRUE,Cpd 1: 6.619,194.1766,6.619,0.148,2594434,195.1839,7,S,Find by Molecular Feature,Q052620176.d,23078862,195.1839,100,0.0006,100
TRUE,Cpd 1: 6.614,194.1774,6.614,0.134,2004836,195.1846,11,,Find by Molecular Feature,Q052620177.d,18811034,195.1846,100,0.0008,100
TRUE,Cpd 1: 6.618,194.1774,6.618,0.141,2105702,195.1846,12,,Find by Molecular Feature,Q052620178.d,20641856,195.1846,100,0.0008,100
TRUE,Cpd 1: 6.616,194.178,6.616,0.137,2403066,195.1853,11,,Find by Molecular Feature,Q052620181.d,24238818,195.1853,100,0.0004,100
TRUE,Cpd 1: 6.616,194.1773,6.616,0.14,2173889,195.1845,10,,Find by Molecular Feature,Q052620182.d,21056484,195.1845,100,0.0004,100
TRUE,Cpd 1: 6.618,194.1781,6.618,0.142,2337238,195.1853,12,,Find by Molecular Feature,Q052620183.d,23847076,195.1853,99.91,0.0005,100
TRUE,Cpd 1: 6.606,194.1786,6.606,0.134,3821226,195.186,13,S,Find by Molecular Feature,Q060220006.d,39601112,195.186,100,0.0012,100
TRUE,Cpd 1: 6.611,194.177,6.611,0.137,3643417,195.1843,13,S,Find by Molecular Feature,Q060220007.d,38497260,195.1843,100,0.0004,100
TRUE,Cpd 1: 6.608,194.1768,6.608,0.133,3653079,195.1839,12,S,Find by Molecular Feature,Q060220008.d,37534928,195.1839,100,0.0017,100
TRUE,Cpd 1: 6.605,194.1769,6.605,0.136,3452557,195.1841,13,S,Find by Molecular Feature,Q060220011.d,36535500,195.1841,100,0.0003,100
TRUE,Cpd 1: 6.611,194.1762,6.611,0.143,3521037,195.1835,8,S,Find by Molecular Feature,Q060220012.d,30804080,195.1835,100,0.0008,100
TRUE,Cpd 1: 6.610,194.1763,6.61,0.14,3806537,195.1834,13,S,Find by Molecular Feature,Q060220013.d,41980528,195.1834,100,0.0016,100
TRUE,Cpd 1: 6.605,194.1763,6.605,0.139,2816780,195.1835,12,S,Find by Molecular Feature,Q060220016.d,27939152,195.1835,100,0.0008,100
TRUE,Cpd 1: 6.614,194.1771,6.614,0.142,3377677,195.1843,9,S,Find by Molecular Feature,Q060220017.d,29606810,195.1843,100,0.0008,100
TRUE,Cpd 1: 6.610,194.1765,6.61,0.135,3567089,195.1837,13,S,Find by Molecular Feature,Q060220018.d,38311224,195.1837,100,0.001,100
TRUE,Cpd 1: 6.611,194.1762,6.611,0.14,3509976,195.1835,8,S,Find by Molecular Feature,Q060220021.d,29680880,195.1835,100,0.0011,100
TRUE,Cpd 1: 6.608,194.1758,6.608,0.143,3481380,195.1831,9,S,Find by Molecular Feature,Q060220022.d,29748832,195.1831,100,0.0009,100
TRUE,Cpd 1: 6.604,194.1774,6.604,0.135,3694891,195.1846,13,S,Find by Molecular Feature,Q060220023.d,39543116,195.1846,100,0.0008,100
TRUE,Cpd 1: 6.611,194.1777,6.611,0.138,3387519,195.1849,13,S,Find by Molecular Feature,Q060220026.d,34917532,195.1849,100,0.0004,100
TRUE,Cpd 1: 6.606,194.177,6.606,0.138,2862888,195.1843,13,S,Find by Molecular Feature,Q060220027.d,27925472,195.1843,100,0.0005,100
TRUE,Cpd 1: 6.608,194.1769,6.608,0.134,3334458,195.184,12,S,Find by Molecular Feature,Q060220028.d,34236952,195.184,100,0.0014,100
TRUE,Cpd 1: 6.605,194.1776,6.605,0.138,3445168,195.1849,13,S,Find by Molecular Feature,Q060220031.d,36047896,195.1849,100,0.0005,100
TRUE,Cpd 1: 6.606,194.1764,6.606,0.136,3093224,195.1835,12,S,Find by Molecular Feature,Q060220032.d,32891484,195.1835,100,0.0015,100
TRUE,Cpd 1: 6.608,194.1772,6.608,0.134,3177766,195.1844,11,S,Find by Molecular Feature,Q060220033.d,32653010,195.1844,100,0.0012,100
TRUE,Cpd 1: 6.626,194.1736,6.626,0.145,3056166,195.1809,6,S,Find by Molecular Feature,Q060220036.d,26483578,195.1809,100,0.0016,99.6
TRUE,Cpd 1: 6.615,194.1744,6.615,0.145,3045519,195.1817,7,S,Find by Molecular Feature,Q060220037.d,25994722,195.1817,100,0.001,100
TRUE,Cpd 1: 6.616,194.1754,6.616,0.144,2874446,195.1827,6,S,Find by Molecular Feature,Q060220038.d,24885694,195.1827,100,0.0007,100
TRUE,Cpd 1: 6.613,194.1754,6.613,0.143,3018212,195.1827,6,S,Find by Molecular Feature,Q060220041.d,25772164,195.1827,100,0.0001,100
TRUE,Cpd 1: 6.620,194.1754,6.62,0.143,2874276,195.1826,6,S,Find by Molecular Feature,Q060220042.d,25283160,195.1826,100,0.0005,100
TRUE,Cpd 1: 6.616,194.1757,6.616,0.145,2896357,195.183,6,S,Find by Molecular Feature,Q060220043.d,24674438,195.183,100,0.0002,100
TRUE,Cpd 1: 6.622,194.1762,6.622,0.139,3134142,195.1833,13,S,Find by Molecular Feature,Q060220046.d,33986420,195.1833,100,0.0014,100
TRUE,Cpd 1: 6.612,194.177,6.612,0.138,3076462,195.1841,12,S,Find by Molecular Feature,Q060220047.d,31830994,195.1841,100,0.0016,100
TRUE,Cpd 1: 6.615,194.1753,6.615,0.145,2949955,195.1825,6,S,Find by Molecular Feature,Q060220048.d,25303234,195.1825,100,0.0002,100
TRUE,Cpd 1: 6.613,194.1761,6.613,0.138,2973662,195.1833,13,S,Find by Molecular Feature,Q060220051.d,30351670,195.1833,100,0.0015,100
TRUE,Cpd 1: 6.617,194.176,6.617,0.138,2929134,195.1833,9,S,Find by Molecular Feature,Q060220052.d,25167692,195.1833,100,0.0007,100
TRUE,Cpd 1: 6.619,194.1745,6.619,0.146,3177681,195.1818,5,S,Find by Molecular Feature,Q060220053.d,26982316,195.1818,100,0.0003,100
TRUE,Cpd 1: 6.612,194.1767,6.612,0.139,3058449,195.1839,6,S,Find by Molecular Feature,Q060220056.d,25804506,195.1839,100,0,100
TRUE,Cpd 1: 6.622,194.1761,6.622,0.14,3045830,195.1832,12,S,Find by Molecular Feature,Q060220057.d,31667912,195.1832,100,0.0016,100
TRUE,Cpd 1: 6.617,194.1775,6.617,0.14,3138540,195.1847,13,S,Find by Molecular Feature,Q060220058.d,32151108,195.1847,100,0.0009,100
TRUE,Cpd 1: 6.615,194.1771,6.615,0.136,3147084,195.1843,11,S,Find by Molecular Feature,Q060220061.d,32231958,195.1843,100,0.0007,100
TRUE,Cpd 1: 6.614,194.1781,6.614,0.14,3115349,195.1853,13,S,Find by Molecular Feature,Q060220062.d,32183976,195.1853,100,0.0007,100
TRUE,Cpd 1: 6.614,194.1772,6.614,0.136,2912167,195.1844,11,S,Find by Molecular Feature,Q060220063.d,30580212,195.1844,100,0.0009,100
